Price Date,Max Price
02-01-2010,2350
04-01-2010,2000
05-01-2010,1601
06-01-2010,1755
07-01-2010,1900
07-01-2010,1741
09-01-2010,1900
11-01-2010,1700
11-01-2010,1501
12-01-2010,1454
13-01-2010,1481
14-01-2010,1850
16-01-2010,1900
18-01-2010,1950
18-01-2010,1452
19-01-2010,1655
20-01-2010,1681
21-01-2010,2200
21-01-2010,1675
22-01-2010,1753
23-01-2010,1900
25-01-2010,1805
28-01-2010,1700
30-01-2010,1625
01-02-2010,1575
03-02-2010,1381
04-02-2010,1605
04-02-2010,1372
06-02-2010,1625
08-02-2010,1605
08-02-2010,1372
09-02-2010,1335
10-02-2010,1270
11-02-2010,1500
11-02-2010,1220
15-02-2010,1400
15-02-2010,1200
16-02-2010,1140
17-02-2010,980
18-02-2010,1100
22-02-2010,951
23-02-2010,900
23-02-2010,821
24-02-2010,811
25-02-2010,761
26-02-2010,731
02-03-2010,801
03-03-2010,880
04-03-2010,1001
08-03-2010,905
08-03-2010,856
09-03-2010,862
10-03-2010,852
11-03-2010,850
11-03-2010,900
12-03-2010,880
17-03-2010,747
18-03-2010,750
19-03-2010,700
22-03-2010,800
23-03-2010,775
25-03-2010,700
25-03-2010,747
26-03-2010,531
27-03-2010,705
29-03-2010,765
08-04-2010,700
10-04-2010,615
15-04-2010,625
15-04-2010,700
16-04-2010,655
17-04-2010,600
19-04-2010,600
19-04-2010,573
20-04-2010,575
21-04-2010,600
22-04-2010,600
22-04-2010,615
23-04-2010,637
26-04-2010,640
27-04-2010,628
28-04-2010,631
29-04-2010,636
30-04-2010,600
03-05-2010,675
04-05-2010,675
06-05-2010,625
06-05-2010,595
07-05-2010,622
08-05-2010,655
10-05-2010,665
10-05-2010,597
11-05-2010,625
12-05-2010,659
13-05-2010,680
17-05-2010,748
18-05-2010,769
19-05-2010,777
20-05-2010,800
20-05-2010,720
21-05-2010,695
22-05-2010,785
24-05-2010,800
24-05-2010,754
25-05-2010,786
26-05-2010,775
27-05-2010,850
27-05-2010,787
28-05-2010,745
29-05-2010,850
31-05-2010,890
31-05-2010,766
01-06-2010,732
02-06-2010,757
03-06-2010,782
04-06-2010,773
05-06-2010,810
07-06-2010,771
08-06-2010,790
09-06-2010,780
10-06-2010,875
10-06-2010,762
11-06-2010,792
14-06-2010,930
14-06-2010,802
15-06-2010,794
16-06-2010,816
17-06-2010,1000
17-06-2010,855
19-06-2010,1000
21-06-2010,850
01-07-2010,960
01-07-2010,841
02-07-2010,800
05-07-2010,788
06-07-2010,791
07-07-2010,768
08-07-2010,940
08-07-2010,801
09-07-2010,800
10-07-2010,930
12-07-2010,975
12-07-2010,765
13-07-2010,782
14-07-2010,791
15-07-2010,1070
16-07-2010,786
19-07-2010,797
20-07-2010,805
22-07-2010,760
23-07-2010,786
26-07-2010,811
27-07-2010,819
28-07-2010,831
29-07-2010,1000
02-08-2010,975
04-08-2010,888
05-08-2010,852
06-08-2010,960
06-08-2010,839
09-08-2010,1010
10-08-2010,816
11-08-2010,891
12-08-2010,885
13-08-2010,925
16-08-2010,1013
17-08-2010,1056
18-08-2010,1011
19-08-2010,1050
20-08-2010,977
21-08-2010,1065
23-08-2010,955
25-08-2010,1017
26-08-2010,1325
26-08-2010,1125
27-08-2010,1129
28-08-2010,1450
30-08-2010,1400
31-08-2010,1207
02-09-2010,1375
04-09-2010,1450
06-09-2010,1425
06-09-2010,1215
09-09-2010,1510
09-09-2010,1351
11-09-2010,1530
16-09-2010,2025
16-09-2010,1577
17-09-2010,1591
18-09-2010,2000
20-09-2010,1850
20-09-2010,1675
21-09-2010,1660
23-09-2010,1586
24-09-2010,1590
27-09-2010,1742
28-09-2010,1756
29-09-2010,1812
30-09-2010,2200
01-10-2010,1840
04-10-2010,1702
05-10-2010,1697
07-10-2010,1900
08-10-2010,1614
11-10-2010,1558
12-10-2010,1525
13-10-2010,1625
14-10-2010,1900
14-10-2010,1712
15-10-2010,1705
16-10-2010,1900
18-10-2010,1599
19-10-2010,1605
20-10-2010,1600
21-10-2010,1930
21-10-2010,1543
22-10-2010,1552
25-10-2010,2005
26-10-2010,2005
26-10-2010,1495
27-10-2010,1600
28-10-2010,1930
28-10-2010,1716
29-10-2010,1728
30-10-2010,1975
01-11-2010,1632
06-11-2010,2510
08-11-2010,3000
09-11-2010,3011
10-11-2010,2753
11-11-2010,3625
11-11-2010,2802
12-11-2010,2648
15-11-2010,3350
15-11-2010,2952
16-11-2010,3700
18-11-2010,3052
19-11-2010,3211
22-11-2010,3609
23-11-2010,3431
24-11-2010,3468
25-11-2010,3771
26-11-2010,3800
29-11-2010,3200
30-11-2010,3041
01-12-2010,3001
02-12-2010,3500
02-12-2010,2900
03-12-2010,2162
04-12-2010,3500
06-12-2010,3200
11-12-2010,5000
13-12-2010,6000
13-12-2010,3001
20-12-2010,7500
21-12-2010,5200
23-12-2010,4000
24-12-2010,2900
27-12-2010,6500
27-12-2010,4700
28-12-2010,4201
30-12-2010,5000
31-12-2010,5000
03-01-2011,4100
05-01-2011,4242
06-01-2011,4165
10-01-2011,5500
13-01-2011,4100
18-01-2011,3251
19-01-2011,2999
07-02-2011,1450
10-02-2011,1000
21-02-2011,1400
24-02-2011,868
25-02-2011,786
26-02-2011,1055
28-02-2011,572
03-03-2011,860
03-03-2011,561
05-03-2011,810
07-03-2011,775
09-03-2011,586
10-03-2011,650
10-03-2011,608
11-03-2011,536
12-03-2011,615
14-03-2011,755
15-03-2011,624
17-03-2011,660
17-03-2011,625
18-03-2011,630
19-03-2011,660
21-03-2011,625
21-03-2011,644
22-03-2011,591
23-03-2011,636
24-03-2011,685
25-03-2011,657
26-03-2011,655
28-03-2011,625
02-04-2011,650
04-04-2011,650
05-04-2011,659
06-04-2011,666
07-04-2011,650
07-04-2011,669
08-04-2011,689
09-04-2011,625
11-04-2011,610
11-04-2011,640
13-04-2011,652
15-04-2011,647
18-04-2011,657
19-04-2011,701
20-04-2011,720
21-04-2011,690
25-04-2011,697
26-04-2011,691
27-04-2011,680
28-04-2011,688
29-04-2011,679
02-05-2011,680
04-05-2011,664
09-05-2011,648
10-05-2011,655
11-05-2011,680
12-05-2011,664
13-05-2011,662
16-05-2011,690
18-05-2011,677
19-05-2011,674
20-05-2011,659
23-05-2011,657
24-05-2011,660
25-05-2011,652
26-05-2011,651
27-05-2011,648
30-05-2011,661
31-05-2011,671
02-06-2011,675
03-06-2011,705
06-06-2011,725
07-06-2011,788
08-06-2011,762
09-06-2011,813
13-06-2011,785
14-06-2011,800
15-06-2011,816
16-06-2011,851
17-06-2011,869
20-06-2011,925
21-06-2011,931
22-06-2011,937
23-06-2011,921
24-06-2011,910
27-06-2011,897
28-06-2011,912
29-06-2011,900
30-06-2011,929
04-07-2011,889
05-07-2011,882
06-07-2011,891
07-07-2011,900
08-07-2011,896
12-07-2011,902
13-07-2011,951
15-07-2011,980
18-07-2011,960
19-07-2011,929
20-07-2011,926
21-07-2011,926
22-07-2011,931
26-07-2011,909
27-07-2011,920
28-07-2011,911
29-07-2011,920
01-08-2011,936
02-08-2011,948
03-08-2011,1001
04-08-2011,1030
05-08-2011,1031
08-08-2011,1025
09-08-2011,1086
11-08-2011,1151
12-08-2011,1158
16-08-2011,1281
17-08-2011,1303
18-08-2011,1314
23-08-2011,1301
24-08-2011,1325
25-08-2011,1327
29-08-2011,1316
30-08-2011,1312
05-09-2011,1284
06-09-2011,1267
07-09-2011,1260
08-09-2011,1425
08-09-2011,1212
10-09-2011,1300
15-09-2011,1500
17-09-2011,1510
19-09-2011,1425
21-09-2011,1219
22-09-2011,1232
23-09-2011,1215
24-09-2011,1430
26-09-2011,1350
26-09-2011,1127
28-09-2011,1111
29-09-2011,1150
29-09-2011,1080
03-10-2011,1002
04-10-2011,1125
05-10-2011,1093
06-10-2011,1088
07-10-2011,1079
10-10-2011,1000
11-10-2011,1001
12-10-2011,1016
13-10-2011,1061
14-10-2011,1029
17-10-2011,1041
18-10-2011,1025
19-10-2011,1030
20-10-2011,1000
21-10-2011,1044
01-11-2011,1116
02-11-2011,1171
03-11-2011,1161
04-11-2011,1103
08-11-2011,1000
09-11-2011,961
11-11-2011,987
14-11-2011,1003
15-11-2011,906
16-11-2011,853
17-11-2011,749
18-11-2011,760
21-11-2011,899
22-11-2011,928
23-11-2011,979
24-11-2011,960
28-11-2011,825
29-11-2011,768
30-11-2011,775
02-12-2011,819
05-12-2011,877
07-12-2011,751
08-12-2011,601
09-12-2011,735
12-12-2011,651
13-12-2011,616
14-12-2011,601
15-12-2011,516
16-12-2011,442
19-12-2011,400
20-12-2011,386
21-12-2011,421
22-12-2011,1050
22-12-2011,383
23-12-2011,396
24-12-2011,800
26-12-2011,805
26-12-2011,412
27-12-2011,375
28-12-2011,380
29-12-2011,750
29-12-2011,370
30-12-2011,312
31-12-2011,710
02-01-2012,316
03-01-2012,342
04-01-2012,286
05-01-2012,236
06-01-2012,301
12-01-2012,201
13-01-2012,317
20-01-2012,513
24-01-2012,450
09-02-2012,436
17-02-2012,421
23-02-2012,415
27-02-2012,361
28-02-2012,350
29-02-2012,351
01-03-2012,395
02-03-2012,406
05-03-2012,415
06-03-2012,415
07-03-2012,360
09-03-2012,367
13-03-2012,469
14-03-2012,457
15-03-2012,460
16-03-2012,469
19-03-2012,480
20-03-2012,471
21-03-2012,476
26-03-2012,480
27-03-2012,481
03-04-2012,595
04-04-2012,575
09-04-2012,509
10-04-2012,510
11-04-2012,509
12-04-2012,506
13-04-2012,489
14-04-2012,535
16-04-2012,500
17-04-2012,511
18-04-2012,495
19-04-2012,470
20-04-2012,499
23-04-2012,492
24-04-2012,481
25-04-2012,500
26-04-2012,487
27-04-2012,512
30-04-2012,511
02-05-2012,507
03-05-2012,519
04-05-2012,511
07-05-2012,540
08-05-2012,512
09-05-2012,500
10-05-2012,507
11-05-2012,531
14-05-2012,563
15-05-2012,556
16-05-2012,551
17-05-2012,539
18-05-2012,568
21-05-2012,515
22-05-2012,535
23-05-2012,529
24-05-2012,529
25-05-2012,536
28-05-2012,525
29-05-2012,560
30-05-2012,567
31-05-2012,551
01-06-2012,602
02-06-2012,650
04-06-2012,650
04-06-2012,568
05-06-2012,568
06-06-2012,591
07-06-2012,591
08-06-2012,600
11-06-2012,568
12-06-2012,556
13-06-2012,620
14-06-2012,649
15-06-2012,635
18-06-2012,655
20-06-2012,652
21-06-2012,625
22-06-2012,618
25-06-2012,602
26-06-2012,614
27-06-2012,652
28-06-2012,671
29-06-2012,662
02-07-2012,711
04-07-2012,682
05-07-2012,676
06-07-2012,639
09-07-2012,623
10-07-2012,600
11-07-2012,611
12-07-2012,626
13-07-2012,636
16-07-2012,616
17-07-2012,644
18-07-2012,667
20-07-2012,655
23-07-2012,661
24-07-2012,722
25-07-2012,700
26-07-2012,691
27-07-2012,661
31-07-2012,657
01-08-2012,674
03-08-2012,678
07-08-2012,728
08-08-2012,731
09-08-2012,752
13-08-2012,799
16-08-2012,783
22-08-2012,808
23-08-2012,795
24-08-2012,803
27-08-2012,753
28-08-2012,761
29-08-2012,769
30-08-2012,747
31-08-2012,752
03-09-2012,756
04-09-2012,737
05-09-2012,751
06-09-2012,745
07-09-2012,748
10-09-2012,728
11-09-2012,683
12-09-2012,670
14-09-2012,702
17-09-2012,730
18-09-2012,731
21-09-2012,719
26-09-2012,752
27-09-2012,700
28-09-2012,646
29-09-2012,741
01-10-2012,711
03-10-2012,701
04-10-2012,725
05-10-2012,713
06-10-2012,680
08-10-2012,950
08-10-2012,738
09-10-2012,859
10-10-2012,1000
11-10-2012,1025
11-10-2012,881
12-10-2012,822
13-10-2012,975
13-10-2012,851
15-10-2012,1000
15-10-2012,901
16-10-2012,903
17-10-2012,1125
18-10-2012,1255
18-10-2012,1152
19-10-2012,1175
20-10-2012,1111
22-10-2012,1372
23-10-2012,1390
25-10-2012,1302
26-10-2012,1309
27-10-2012,1450
27-10-2012,651
29-10-2012,1575
29-10-2012,1375
30-10-2012,1456
31-10-2012,1397
01-11-2012,1750
01-11-2012,1327
02-11-2012,1200
05-11-2012,1291
06-11-2012,1281
07-11-2012,1268
08-11-2012,1255
09-11-2012,1085
15-11-2012,1500
17-11-2012,1600
19-11-2012,1150
20-11-2012,1178
21-11-2012,1270
22-11-2012,1900
22-11-2012,1211
23-11-2012,1241
26-11-2012,1215
27-11-2012,1217
29-11-2012,1186
30-11-2012,1172
03-12-2012,1190
04-12-2012,1220
05-12-2012,1211
06-12-2012,1120
07-12-2012,1051
10-12-2012,1148
12-12-2012,1145
14-12-2012,1009
17-12-2012,1030
18-12-2012,1162
19-12-2012,976
21-12-2012,880
24-12-2012,1675
26-12-2012,1264
27-12-2012,1700
10-01-2013,1525
04-02-2013,1821
07-02-2013,1852
08-02-2013,1859
11-02-2013,1581
12-02-2013,1480
13-02-2013,1531
14-02-2013,1452
15-02-2013,1252
18-02-2013,1481
21-02-2013,1452
22-02-2013,1395
25-02-2013,1415
27-02-2013,1304
28-02-2013,1233
01-03-2013,1141
04-03-2013,1039
05-03-2013,1093
06-03-2013,1151
07-03-2013,1125
08-03-2013,1066
12-03-2013,1157
13-03-2013,1148
14-03-2013,1255
14-03-2013,1150
15-03-2013,1151
18-03-2013,1166
19-03-2013,1175
20-03-2013,1125
21-03-2013,1125
22-03-2013,1091
25-03-2013,1146
02-04-2013,1169
03-04-2013,1145
04-04-2013,1123
05-04-2013,1056
08-04-2013,928
09-04-2013,937
12-04-2013,885
15-04-2013,950
16-04-2013,938
17-04-2013,951
18-04-2013,941
22-04-2013,916
24-04-2013,916
25-04-2013,921
26-04-2013,921
29-04-2013,918
30-04-2013,951
02-05-2013,903
06-05-2013,1026
07-05-2013,1019
08-05-2013,1017
10-05-2013,1010
13-05-2013,990
14-05-2013,1001
15-05-2013,994
16-05-2013,998
17-05-2013,981
20-05-2013,999
21-05-2013,999
22-05-2013,1011
23-05-2013,1022
24-05-2013,1052
27-05-2013,1287
28-05-2013,1251
29-05-2013,1249
30-05-2013,1550
30-05-2013,1270
31-05-2013,1340
03-06-2013,1401
04-06-2013,1437
05-06-2013,1436
06-06-2013,1451
07-06-2013,1478
10-06-2013,1460
11-06-2013,1414
12-06-2013,1480
13-06-2013,1499
14-06-2013,1499
17-06-2013,1660
18-06-2013,1664
19-06-2013,1653
20-06-2013,2000
20-06-2013,1630
21-06-2013,1600
22-06-2013,1740
24-06-2013,1900
24-06-2013,1582
25-06-2013,1625
26-06-2013,1661
27-06-2013,1666
28-06-2013,1620
01-07-2013,2000
01-07-2013,1747
02-07-2013,1800
03-07-2013,1792
04-07-2013,1896
05-07-2013,1972
09-07-2013,2116
10-07-2013,2000
11-07-2013,2250
11-07-2013,2009
12-07-2013,2021
13-07-2013,2450
15-07-2013,2625
15-07-2013,2361
16-07-2013,2500
17-07-2013,2633
18-07-2013,2589
23-07-2013,2436
24-07-2013,2440
25-07-2013,2388
26-07-2013,2361
29-07-2013,2389
30-07-2013,2495
31-07-2013,2543
01-08-2013,2543
02-08-2013,2727
05-08-2013,3206
07-08-2013,3175
08-08-2013,3570
12-08-2013,4620
13-08-2013,4725
14-08-2013,4875
16-08-2013,4416
17-08-2013,4451
19-08-2013,3816
20-08-2013,3829
21-08-2013,4322
22-08-2013,5000
22-08-2013,4306
23-08-2013,4377
24-08-2013,4750
24-08-2013,4001
26-08-2013,4369
27-08-2013,3681
29-08-2013,4100
29-08-2013,3856
30-08-2013,4091
31-08-2013,4800
03-09-2013,4568
04-09-2013,4480
06-09-2013,4621
07-09-2013,4311
10-09-2013,4641
11-09-2013,4716
12-09-2013,4663
13-09-2013,5016
14-09-2013,5400
16-09-2013,6050
16-09-2013,5700
17-09-2013,5841
19-09-2013,6450
19-09-2013,5626
21-09-2013,5000
23-09-2013,5000
23-09-2013,4712
24-09-2013,5020
26-09-2013,5350
26-09-2013,4981
28-09-2013,5500
30-09-2013,5100
30-09-2013,4531
01-10-2013,3990
03-10-2013,4246
07-10-2013,4612
08-10-2013,4861
09-10-2013,4982
14-10-2013,5852
15-10-2013,5500
18-10-2013,6011
21-10-2013,5911
22-10-2013,5952
23-10-2013,5972
24-10-2013,5851
25-10-2013,6071
28-10-2013,5100
29-10-2013,5782
30-10-2013,5052
31-10-2013,5202
11-11-2013,5252
20-11-2013,815
24-01-2014,1119
01-02-2014,1000
03-02-2014,930
05-02-2014,732
06-02-2014,900
06-02-2014,881
08-02-2014,825
11-02-2014,820
14-02-2014,745
15-02-2014,800
15-02-2014,801
17-02-2014,738
18-02-2014,790
20-02-2014,812
21-02-2014,871
22-02-2014,855
24-02-2014,926
25-02-2014,941
26-02-2014,867
10-03-2014,1155
13-03-2014,905
15-03-2014,925
17-03-2014,1000
24-03-2014,1100
27-03-2014,1100
03-04-2014,1122
04-04-2014,1135
05-04-2014,1075
07-04-2014,1202
09-04-2014,1213
10-04-2014,1201
16-04-2014,1401
17-04-2014,1391
19-04-2014,1400
21-04-2014,1411
25-04-2014,1490
26-04-2014,1471
28-04-2014,1641
30-04-2014,1593
02-05-2014,1513
05-05-2014,1542
06-05-2014,1451
07-05-2014,1400
08-05-2014,1202
12-05-2014,1401
13-05-2014,1603
15-05-2014,1556
16-05-2014,1520
17-05-2014,1490
20-05-2014,1426
21-05-2014,1482
22-05-2014,1501
23-05-2014,1452
26-05-2014,1524
27-05-2014,1426
28-05-2014,1426
29-05-2014,1437
30-05-2014,1500
05-06-2014,1661
09-06-2014,1816
10-06-2014,1762
11-06-2014,1661
12-06-2014,1668
18-06-2014,1861
19-06-2014,1758
20-06-2014,1795
21-06-2014,1701
23-06-2014,1723
24-06-2014,1801
25-06-2014,2011
26-06-2014,2157
28-06-2014,2264
30-06-2014,2381
01-07-2014,2361
02-07-2014,2400
03-07-2014,2328
04-07-2014,2370
05-07-2014,3000
05-07-2014,2451
07-07-2014,3000
07-07-2014,2491
08-07-2014,2626
10-07-2014,2392
12-07-2014,2261
14-07-2014,2550
14-07-2014,2242
15-07-2014,2340
16-07-2014,2459
17-07-2014,2700
17-07-2014,2478
18-07-2014,2380
19-07-2014,2625
19-07-2014,2351
21-07-2014,2261
22-07-2014,2260
23-07-2014,2222
24-07-2014,2151
25-07-2014,2171
28-07-2014,2190
30-07-2014,2151
31-07-2014,2091
02-08-2014,2076
12-08-2014,4005
16-08-2014,2023
11-09-2014,1954
12-09-2014,1953
13-10-2014,1963
28-10-2014,2125
29-10-2014,2125
31-10-2014,1776
01-11-2014,1691
03-11-2014,1601
05-11-2014,1580
07-11-2014,1556
08-11-2014,1552
10-11-2014,1589
11-11-2014,1541
12-11-2014,1596
13-11-2014,2050
15-11-2014,1611
17-11-2014,1699
24-11-2014,1601
25-11-2014,1621
26-11-2014,1752
27-11-2014,1671
02-12-2014,1580
03-12-2014,1581
04-12-2014,1600
05-12-2014,1499
06-12-2014,1282
08-12-2014,1414
11-02-2015,1660
25-03-2015,1313
26-03-2015,1370
27-03-2015,1361
02-04-2015,1400
04-04-2015,1400
06-04-2015,1500
06-04-2015,1420
07-04-2015,1435
08-04-2015,1460
09-04-2015,1460
09-04-2015,1400
10-04-2015,1351
11-04-2015,1500
11-04-2015,1381
13-04-2015,1500
13-04-2015,1375
14-04-2015,1375
15-04-2015,1372
16-04-2015,1450
16-04-2015,1375
17-04-2015,1368
20-04-2015,1368
23-04-2015,1399
24-04-2015,1414
25-04-2015,1431
27-04-2015,1452
28-04-2015,1441
29-04-2015,1476
30-04-2015,1470
02-05-2015,1499
05-05-2015,1600
06-05-2015,1699
07-05-2015,1700
08-05-2015,1727
09-05-2015,1625
11-05-2015,1599
12-05-2015,1611
13-05-2015,1581
14-05-2015,1556
15-05-2015,1668
16-05-2015,1625
19-05-2015,1665
20-05-2015,1680
21-05-2015,1706
22-05-2015,1705
23-05-2015,1825
25-05-2015,1700
26-05-2015,1762
27-05-2015,1781
28-05-2015,1800
29-05-2015,1836
30-05-2015,1868
03-06-2015,1975
04-06-2015,2000
05-06-2015,2100
06-06-2015,2700
06-06-2015,1960
08-06-2015,2800
08-06-2015,2180
09-06-2015,2102
10-06-2015,2100
11-06-2015,2500
11-06-2015,2062
13-06-2015,2350
13-06-2015,1980
15-06-2015,2500
15-06-2015,2015
17-06-2015,2031
18-06-2015,1999
19-06-2015,1962
20-06-2015,2400
20-06-2015,2001
22-06-2015,2400
22-06-2015,1955
23-06-2015,1903
24-06-2015,1900
25-06-2015,2300
25-06-2015,1881
26-06-2015,1892
27-06-2015,1800
29-06-2015,2200
29-06-2015,1921
30-06-2015,1840
01-07-2015,1922
02-07-2015,2100
02-07-2015,1921
03-07-2015,1900
04-07-2015,2300
04-07-2015,1854
06-07-2015,2300
06-07-2015,1901
07-07-2015,1880
08-07-2015,1971
09-07-2015,1951
10-07-2015,1960
11-07-2015,1919
13-07-2015,2152
14-07-2015,2285
15-07-2015,2236
17-07-2015,2210
18-07-2015,2500
20-07-2015,3000
20-07-2015,2400
21-07-2015,2653
22-07-2015,2768
23-07-2015,3500
23-07-2015,2770
24-07-2015,2781
25-07-2015,3250
25-07-2015,2763
28-07-2015,3782
29-07-2015,3579
31-07-2015,3446
01-08-2015,3476
03-08-2015,3850
04-08-2015,3962
05-08-2015,3900
06-08-2015,3787
07-08-2015,3602
08-08-2015,3700
10-08-2015,3730
11-08-2015,3771
12-08-2015,4001
13-08-2015,4012
17-08-2015,4711
19-08-2015,4885
20-08-2015,6100
20-08-2015,5516
21-08-2015,6151
22-08-2015,8500
22-08-2015,6326
24-08-2015,6500
25-08-2015,5568
26-08-2015,5599
27-08-2015,6300
27-08-2015,5580
28-08-2015,5599
31-08-2015,6000
31-08-2015,5201
01-09-2015,4881
02-09-2015,4900
03-09-2015,5100
03-09-2015,4813
04-09-2015,4749
05-09-2015,5500
05-09-2015,4680
07-09-2015,6000
07-09-2015,5101
08-09-2015,5226
09-09-2015,5452
10-09-2015,6700
10-09-2015,5401
14-09-2015,4701
15-09-2015,4481
16-09-2015,4570
19-09-2015,4267
21-09-2015,4215
22-09-2015,4300
23-09-2015,3800
24-09-2015,3981
28-09-2015,4081
29-09-2015,4001
30-09-2015,3900
01-10-2015,4300
01-10-2015,3878
03-10-2015,4200
03-10-2015,3952
05-10-2015,5100
05-10-2015,4001
06-10-2015,4080
07-10-2015,4382
08-10-2015,5000
08-10-2015,3776
09-10-2015,3900
13-10-2015,3200
14-10-2015,3011
15-10-2015,3201
16-10-2015,3067
17-10-2015,3051
19-10-2015,2789
20-10-2015,2870
21-10-2015,3152
23-10-2015,3300
24-10-2015,3725
26-10-2015,4325
26-10-2015,3891
27-10-2015,3700
28-10-2015,3705
29-10-2015,4001
30-10-2015,3000
31-10-2015,3900
31-10-2015,4051
02-11-2015,4201
03-11-2015,4400
04-11-2015,4401
05-11-2015,3812
06-11-2015,4402
07-11-2015,3500
07-11-2015,4100
16-11-2015,2960
17-11-2015,4201
19-11-2015,3312
20-11-2015,4100
23-11-2015,3301
24-11-2015,3770
26-11-2015,2901
27-11-2015,2200
08-01-2016,1481
14-01-2016,1800
16-01-2016,1950
23-01-2016,2000
28-01-2016,1825
30-01-2016,1800
01-02-2016,1600
01-02-2016,1385
04-02-2016,1575
11-02-2016,1011
12-02-2016,846
16-02-2016,811
17-02-2016,748
20-02-2016,1081
22-02-2016,1100
22-02-2016,968
23-02-2016,971
24-02-2016,931
25-02-2016,976
26-02-2016,935
29-02-2016,941
01-03-2016,925
02-03-2016,876
03-03-2016,1000
03-03-2016,900
04-03-2016,952
05-03-2016,862
08-03-2016,900
10-03-2016,930
11-03-2016,888
14-03-2016,799
15-03-2016,800
16-03-2016,802
17-03-2016,787
18-03-2016,840
19-03-2016,800
21-03-2016,940
22-03-2016,919
05-04-2016,886
06-04-2016,953
08-04-2016,920
09-04-2016,975
11-04-2016,842
12-04-2016,931
13-04-2016,916
16-04-2016,885
18-04-2016,900
18-04-2016,917
20-04-2016,900
21-04-2016,901
22-04-2016,900
25-04-2016,890
26-04-2016,870
27-04-2016,911
28-04-2016,905
29-04-2016,934
30-04-2016,945
02-05-2016,910
03-05-2016,918
04-05-2016,919
05-05-2016,945
06-05-2016,950
07-05-2016,1000
07-05-2016,872
09-05-2016,901
10-05-2016,894
11-05-2016,902
12-05-2016,899
13-05-2016,900
16-05-2016,950
16-05-2016,899
17-05-2016,915
18-05-2016,921
19-05-2016,1000
19-05-2016,951
20-05-2016,971
23-05-2016,940
24-05-2016,1004
25-05-2016,982
26-05-2016,945
27-05-2016,977
28-05-2016,1200
30-05-2016,915
31-05-2016,951
01-06-2016,963
02-06-2016,912
03-06-2016,940
04-06-2016,1425
06-06-2016,952
07-06-2016,961
08-06-2016,1013
09-06-2016,1305
09-06-2016,1020
10-06-2016,1001
11-06-2016,1250
13-06-2016,940
14-06-2016,941
15-06-2016,952
16-06-2016,1325
16-06-2016,950
17-06-2016,973
18-06-2016,1400
20-06-2016,1450
21-06-2016,1000
22-06-2016,1000
23-06-2016,981
24-06-2016,1005
27-06-2016,1325
27-06-2016,963
28-06-2016,956
29-06-2016,936
30-06-2016,932
01-07-2016,1001
02-07-2016,955
05-07-2016,935
07-07-2016,970
08-07-2016,976
14-07-2016,1200
16-07-2016,1225
18-07-2016,1150
21-07-2016,1100
23-07-2016,1150
26-07-2016,952
27-07-2016,916
28-07-2016,1025
28-07-2016,889
29-07-2016,918
30-07-2016,1100
30-07-2016,922
01-08-2016,1050
01-08-2016,890
03-08-2016,921
04-08-2016,1105
04-08-2016,951
05-08-2016,925
06-08-2016,1100
06-08-2016,912
08-08-2016,1125
08-08-2016,951
09-08-2016,882
10-08-2016,881
11-08-2016,1100
11-08-2016,882
12-08-2016,888
13-08-2016,1075
15-08-2016,1225
16-08-2016,865
18-08-2016,1110
19-08-2016,812
20-08-2016,1175
20-08-2016,840
22-08-2016,1100
22-08-2016,840
23-08-2016,858
24-08-2016,860
25-08-2016,1050
26-08-2016,848
27-08-2016,1025
27-08-2016,840
29-08-2016,826
31-08-2016,840
02-09-2016,1075
02-09-2016,794
03-09-2016,1075
03-09-2016,759
06-09-2016,1050
07-09-2016,719
08-09-2016,950
08-09-2016,716
09-09-2016,641
10-09-2016,1000
12-09-2016,1000
13-09-2016,667
16-09-2016,623
17-09-2016,1000
17-09-2016,551
19-09-2016,900
24-09-2016,900
26-09-2016,900
26-09-2016,531
29-09-2016,556
01-10-2016,925
01-10-2016,534
03-10-2016,900
04-10-2016,725
05-10-2016,825
06-10-2016,1000
06-10-2016,762
07-10-2016,900
08-10-2016,1050
10-10-2016,1000
10-10-2016,983
11-10-2016,920
13-10-2016,1000
13-10-2016,902
14-10-2016,928
15-10-2016,925
17-10-2016,814
18-10-2016,1050
18-10-2016,885
19-10-2016,931
20-10-2016,1100
20-10-2016,915
21-10-2016,951
22-10-2016,1000
24-10-2016,1100
24-10-2016,1002
25-10-2016,1012
03-11-2016,1000
04-11-2016,1255
04-11-2016,941
05-11-2016,1500
07-11-2016,1200
07-11-2016,1001
08-11-2016,932
09-11-2016,988
14-11-2016,1400
18-11-2016,945
21-11-2016,1400
21-11-2016,920
22-11-2016,752
24-11-2016,795
25-11-2016,880
28-11-2016,775
30-11-2016,704
01-12-2016,951
02-12-2016,900
05-12-2016,651
06-12-2016,725
07-12-2016,556
13-12-2016,555
14-12-2016,600
15-12-2016,570
30-12-2016,735
02-01-2017,1130
05-01-2017,798
06-03-2017,641
07-03-2017,775
07-03-2017,647
08-03-2017,651
09-03-2017,750
09-03-2017,647
10-03-2017,646
14-03-2017,658
15-03-2017,672
16-03-2017,672
20-03-2017,697
21-03-2017,700
21-03-2017,686
22-03-2017,698
23-03-2017,700
23-03-2017,697
25-03-2017,715
25-03-2017,681
03-04-2017,640
05-04-2017,641
06-04-2017,700
06-04-2017,671
07-04-2017,652
08-04-2017,700
10-04-2017,660
10-04-2017,638
11-04-2017,639
12-04-2017,669
13-04-2017,635
17-04-2017,636
18-04-2017,644
22-04-2017,620
24-04-2017,625
27-04-2017,650
02-05-2017,600
03-05-2017,622
04-05-2017,700
04-05-2017,582
05-05-2017,580
05-05-2017,590
06-05-2017,560
08-05-2017,625
08-05-2017,568
09-05-2017,577
11-05-2017,630
11-05-2017,626
12-05-2017,640
13-05-2017,625
15-05-2017,690
16-05-2017,551
17-05-2017,631
18-05-2017,680
18-05-2017,679
19-05-2017,724
20-05-2017,700
22-05-2017,750
22-05-2017,672
23-05-2017,670
24-05-2017,626
25-05-2017,750
26-05-2017,641
27-05-2017,1000
29-05-2017,1000
29-05-2017,641
30-05-2017,641
31-05-2017,626
08-06-2017,1050
12-06-2017,687
13-06-2017,684
14-06-2017,670
15-06-2017,1000
15-06-2017,700
16-06-2017,668
17-06-2017,950
19-06-2017,800
19-06-2017,675
20-06-2017,673
21-06-2017,670
22-06-2017,900
22-06-2017,655
23-06-2017,707
27-06-2017,850
27-06-2017,681
28-06-2017,677
29-06-2017,900
29-06-2017,682
30-06-2017,704
01-07-2017,1000
03-07-2017,950
03-07-2017,676
05-07-2017,701
06-07-2017,855
06-07-2017,721
07-07-2017,719
10-07-2017,747
11-07-2017,763
12-07-2017,738
13-07-2017,925
13-07-2017,701
14-07-2017,682
15-07-2017,1000
17-07-2017,900
17-07-2017,699
18-07-2017,762
19-07-2017,811
20-07-2017,925
20-07-2017,832
21-07-2017,796
24-07-2017,1150
24-07-2017,964
25-07-2017,930
26-07-2017,1200
27-07-2017,1600
27-07-2017,1451
28-07-2017,1500
29-07-2017,2000
31-07-2017,1705
31-07-2017,1549
01-08-2017,1501
02-08-2017,1900
03-08-2017,3505
03-08-2017,2630
04-08-2017,2400
05-08-2017,3300
07-08-2017,2700
08-08-2017,2519
10-08-2017,2800
10-08-2017,2637
11-08-2017,2285
12-08-2017,2700
12-08-2017,2386
14-08-2017,2400
14-08-2017,2125
16-08-2017,2131
17-08-2017,2500
18-08-2017,2407
19-08-2017,2800
21-08-2017,2800
22-08-2017,2352
23-08-2017,2199
24-08-2017,2102
26-08-2017,2000
28-08-2017,2000
28-08-2017,2015
29-08-2017,2025
30-08-2017,2133
31-08-2017,2100
31-08-2017,2145
01-09-2017,2089
02-09-2017,2200
04-09-2017,2200
04-09-2017,2003
06-09-2017,1861
07-09-2017,1900
07-09-2017,1786
08-09-2017,1680
09-09-2017,1800
11-09-2017,1800
11-09-2017,1764
12-09-2017,1758
13-09-2017,1675
14-09-2017,1700
14-09-2017,1331
18-09-2017,1600
19-09-2017,1590
21-09-2017,2100
21-09-2017,1930
22-09-2017,1876
23-09-2017,2100
25-09-2017,2000
26-09-2017,1711
27-09-2017,1752
28-09-2017,1785
29-09-2017,1797
30-09-2017,1800
02-10-2017,2000
03-10-2017,1826
04-10-2017,2075
05-10-2017,2161
06-10-2017,2222
09-10-2017,2900
09-10-2017,2772
10-10-2017,2462
11-10-2017,2711
12-10-2017,2727
13-10-2017,2232
14-10-2017,2700
16-10-2017,2551
23-10-2017,4000
23-10-2017,3251
24-10-2017,3225
25-10-2017,2974
26-10-2017,2770
27-10-2017,2853
28-10-2017,3300
30-10-2017,3500
30-10-2017,3000
31-10-2017,3000
01-11-2017,3311
02-11-2017,3800
02-11-2017,3401
04-11-2017,4000
06-11-2017,3800
06-11-2017,3490
07-11-2017,3400
08-11-2017,3300
09-11-2017,3500
09-11-2017,3280
10-11-2017,3052
11-11-2017,3200
13-11-2017,3500
13-11-2017,2801
14-11-2017,3080
15-11-2017,3592
16-11-2017,4325
16-11-2017,3627
17-11-2017,3800
20-11-2017,3500
21-11-2017,3435
23-11-2017,5000
23-11-2017,4180
25-11-2017,4200
27-11-2017,4251
28-11-2017,4152
29-11-2017,4060
30-11-2017,4000
30-11-2017,3851
08-01-2018,4000
15-01-2018,3500
20-01-2018,3600
22-01-2018,3400
01-02-2018,1754
16-02-2018,1761
19-02-2018,1700
20-02-2018,1740
21-02-2018,1711
22-02-2018,1636
23-02-2018,1641
26-02-2018,1201
27-02-2018,1161
28-02-2018,1188
05-03-2018,1171
07-03-2018,1078
08-03-2018,1019
09-03-2018,964
10-03-2018,975
10-03-2018,964
12-03-2018,961
13-03-2018,900
13-03-2018,931
14-03-2018,860
15-03-2018,900
15-03-2018,901
16-03-2018,892
17-03-2018,800
19-03-2018,900
19-03-2018,879
20-03-2018,859
21-03-2018,863
22-03-2018,912
23-03-2018,952
24-03-2018,1100
26-03-2018,1000
26-03-2018,939
31-03-2018,900
02-04-2018,900
04-04-2018,840
05-04-2018,900
05-04-2018,899
06-04-2018,840
07-04-2018,900
09-04-2018,850
09-04-2018,850
10-04-2018,859
11-04-2018,841
12-04-2018,800
12-04-2018,788
13-04-2018,786
17-04-2018,716
18-04-2018,774
19-04-2018,800
19-04-2018,782
23-04-2018,810
25-04-2018,801
26-04-2018,850
26-04-2018,833
27-04-2018,825
30-04-2018,888
02-05-2018,876
03-05-2018,841
04-05-2018,860
06-05-2018,900
07-05-2018,800
07-05-2018,899
08-05-2018,875
09-05-2018,854
10-05-2018,850
10-05-2018,832
11-05-2018,835
14-05-2018,842
16-05-2018,858
17-05-2018,841
18-05-2018,870
21-05-2018,825
21-05-2018,900
22-05-2018,900
23-05-2018,901
24-05-2018,900
24-05-2018,935
25-05-2018,980
26-05-2018,1000
28-05-2018,1021
29-05-2018,992
30-05-2018,981
31-05-2018,996
01-06-2018,950
02-06-2018,1300
04-06-2018,1150
04-06-2018,915
05-06-2018,940
06-06-2018,905
07-06-2018,1200
07-06-2018,921
08-06-2018,993
09-06-2018,1200
11-06-2018,978
12-06-2018,1025
14-06-2018,1030
15-06-2018,1140
16-06-2018,1400
18-06-2018,1400
18-06-2018,1067
19-06-2018,1201
20-06-2018,1191
21-06-2018,1400
21-06-2018,1383
22-06-2018,1360
25-06-2018,1252
26-06-2018,1400
26-06-2018,1286
27-06-2018,1326
28-06-2018,1400
28-06-2018,1336
30-06-2018,1500
30-06-2018,1300
02-07-2018,1700
02-07-2018,1552
03-07-2018,1501
04-07-2018,1470
05-07-2018,1500
05-07-2018,1480
06-07-2018,1395
07-07-2018,1400
07-07-2018,1360
09-07-2018,1335
10-07-2018,1500
11-07-2018,1311
12-07-2018,1500
12-07-2018,1367
14-07-2018,1500
16-07-2018,1500
16-07-2018,1300
17-07-2018,1271
18-07-2018,1310
19-07-2018,1400
19-07-2018,1275
20-07-2018,1241
22-07-2018,1400
23-07-2018,1400
25-07-2018,1276
26-07-2018,1400
28-07-2018,1350
29-07-2018,1275
30-07-2018,1200
30-07-2018,1227
31-07-2018,1200
01-08-2018,1200
02-08-2018,1300
02-08-2018,1225
03-08-2018,1224
04-08-2018,1300
04-08-2018,1234
06-08-2018,1190
07-08-2018,1300
07-08-2018,1145
08-08-2018,1145
10-08-2018,1242
11-08-2018,1300
13-08-2018,1300
13-08-2018,1168
14-08-2018,1178
16-08-2018,1300
16-08-2018,1152
18-08-2018,1350
18-08-2018,1137
20-08-2018,1126
21-08-2018,1151
25-08-2018,1300
25-08-2018,1105
27-08-2018,1200
27-08-2018,1062
28-08-2018,1068
29-08-2018,1021
30-08-2018,1200
30-08-2018,1031
31-08-2018,1061
01-09-2018,985
04-09-2018,1300
04-09-2018,990
05-09-2018,1026
06-09-2018,1250
07-09-2018,1005
08-09-2018,1200
08-09-2018,1005
10-09-2018,1100
10-09-2018,1025
12-09-2018,961
14-09-2018,923
15-09-2018,1200
15-09-2018,931
17-09-2018,1150
17-09-2018,936
18-09-2018,942
19-09-2018,915
20-09-2018,1100
21-09-2018,909
22-09-2018,1100
24-09-2018,1100
24-09-2018,892
26-09-2018,862
27-09-2018,1100
27-09-2018,880
28-09-2018,930
29-09-2018,1150
29-09-2018,961
01-10-2018,1150
01-10-2018,1013
03-10-2018,1033
04-10-2018,1160
04-10-2018,1078
05-10-2018,1042
06-10-2018,1300
06-10-2018,1001
08-10-2018,1066
10-10-2018,1201
11-10-2018,1394
12-10-2018,1381
13-10-2018,1600
15-10-2018,1800
15-10-2018,2121
16-10-2018,2201
17-10-2018,2550
19-10-2018,1962
20-10-2018,1800
20-10-2018,1924
22-10-2018,1800
22-10-2018,2030
23-10-2018,2000
24-10-2018,2012
25-10-2018,1900
25-10-2018,1912
27-10-2018,1700
27-10-2018,1821
29-10-2018,1600
29-10-2018,1361
30-10-2018,1530
31-10-2018,1591
01-11-2018,1451
03-11-2018,1800
12-11-2018,2000
12-11-2018,1221
13-11-2018,1315
14-11-2018,1225
15-11-2018,1600
15-11-2018,1111
16-11-2018,952
19-11-2018,1500
19-11-2018,899
20-11-2018,999
23-11-2018,752
26-11-2018,753
28-11-2018,741
29-11-2018,680
30-11-2018,660
01-12-2018,1500
01-12-2018,501
03-12-2018,1300
03-12-2018,620
04-12-2018,671
05-12-2018,675
08-12-2018,684
10-12-2018,656
11-12-2018,690
12-12-2018,670
13-12-2018,691
14-12-2018,625
15-12-2018,552
17-12-2018,537
18-12-2018,557
19-12-2018,578
20-12-2018,506
21-12-2018,400
24-12-2018,395
26-12-2018,550
27-12-2018,360
28-12-2018,320
29-12-2018,288
31-12-2018,392
01-01-2019,439
02-01-2019,301
03-01-2019,301
04-01-2019,296
07-01-2019,286
08-01-2019,325
09-01-2019,361
10-01-2019,297
11-01-2019,383
14-01-2019,248
18-01-2019,258
19-01-2019,800
19-01-2019,294
20-01-2019,800
21-01-2019,286
22-01-2019,392
23-01-2019,262
25-01-2019,289
26-01-2019,800
28-01-2019,292
29-01-2019,299
30-01-2019,359
31-01-2019,301
01-02-2019,351
02-02-2019,280
05-02-2019,300
06-02-2019,292
09-02-2019,800
14-02-2019,700
16-02-2019,650
21-02-2019,650
21-02-2019,620
23-02-2019,600
02-03-2019,600
04-03-2019,600
11-03-2019,900
11-03-2019,868
12-03-2019,951
13-03-2019,830
14-03-2019,750
14-03-2019,811
15-03-2019,801
16-03-2019,717
18-03-2019,768
19-03-2019,858
20-03-2019,862
22-03-2019,914
23-03-2019,800
28-03-2019,850
02-04-2019,1001
03-04-2019,1018
04-04-2019,1022
06-04-2019,850
08-04-2019,1078
09-04-2019,1061
10-04-2019,1077
11-04-2019,1094
12-04-2019,950
12-04-2019,1100
15-04-2019,900
15-04-2019,1055
16-04-2019,1051
18-04-2019,1101
20-04-2019,1138
22-04-2019,1173
23-04-2019,1170
24-04-2019,1152
25-04-2019,1115
26-04-2019,1156
30-04-2019,1142
02-05-2019,1136
03-05-2019,1143
06-05-2019,1141
07-05-2019,1170
08-05-2019,1131
09-05-2019,1158
10-05-2019,1121
11-05-2019,1150
13-05-2019,1125
14-05-2019,1151
15-05-2019,1125
21-05-2019,1154
22-05-2019,1178
23-05-2019,1230
25-05-2019,1251
27-05-2019,1352
28-05-2019,13012
29-05-2019,1326
30-05-2019,1308
31-05-2019,1351
01-06-2019,1295
04-06-2019,1370
06-06-2019,1367
07-06-2019,1350
10-06-2019,1432
11-06-2019,1429
12-06-2019,1361
13-06-2019,1428
14-06-2019,1424
15-06-2019,1410
17-06-2019,1430
18-06-2019,1401
19-06-2019,1380
20-06-2019,1600
20-06-2019,1415
21-06-2019,1400
24-06-2019,1383
25-06-2019,1399
26-06-2019,1399
27-06-2019,1600
27-06-2019,1417
28-06-2019,1450
29-06-2019,1351
01-07-2019,1700
01-07-2019,1464
03-07-2019,1503
04-07-2019,1500
04-07-2019,1525
05-07-2019,1485
08-07-2019,1499
09-07-2019,1380
10-07-2019,1380
11-07-2019,1400
15-07-2019,1368
17-07-2019,1370
18-07-2019,1500
18-07-2019,1380
19-07-2019,1372
20-07-2019,1356
22-07-2019,1311
23-07-2019,1332
24-07-2019,1399
26-07-2019,1350
29-07-2019,1600
29-07-2019,1332
30-07-2019,1324
31-07-2019,1325
02-08-2019,1401
03-08-2019,1375
06-08-2019,1596
07-08-2019,1481
08-08-2019,1511
09-08-2019,1502
13-08-2019,1538
14-08-2019,1760
15-08-2019,2100
16-08-2019,2000
19-08-2019,2200
19-08-2019,2047
20-08-2019,2372
21-08-2019,2500
22-08-2019,3200
22-08-2019,2452
23-08-2019,2395
24-08-2019,2600
26-08-2019,2600
26-08-2019,2500
28-08-2019,2851
29-08-2019,2792
31-08-2019,2560
04-09-2019,2576
05-09-2019,2591
06-09-2019,2652
07-09-2019,2700
07-09-2019,2646
09-09-2019,2671
10-09-2019,2725
11-09-2019,2783
13-09-2019,3142
14-09-2019,3200
16-09-2019,3500
16-09-2019,3412
17-09-2019,3500
18-09-2019,3876
19-09-2019,4700
19-09-2019,5100
20-09-2019,4500
21-09-2019,4400
21-09-2019,4360
23-09-2019,4280
24-09-2019,4179
26-09-2019,3500
26-09-2019,3672
27-09-2019,3880
28-09-2019,4000
30-09-2019,3464
01-10-2019,3441
03-10-2019,3200
03-10-2019,3104
04-10-2019,3203
05-10-2019,3500
07-10-2019,3825
09-10-2019,3806
10-10-2019,3500
10-10-2019,3825
11-10-2019,3351
14-10-2019,3263
15-10-2019,31825
16-10-2019,3154
17-10-2019,2946
18-10-2019,2801
19-10-2019,2892
22-10-2019,3725
23-10-2019,3761
24-10-2019,3600
30-10-2019,4201
31-10-2019,4900
31-10-2019,4581
01-11-2019,6000
01-11-2019,4801
02-11-2019,5359
04-11-2019,5800
04-11-2019,5757
05-11-2019,5300
06-11-2019,4800
07-11-2019,4949
09-11-2019,6500
09-11-2019,5301
11-11-2019,5772
13-11-2019,5280
14-11-2019,5299
15-11-2019,5600
16-11-2019,5301
18-11-2019,6200
18-11-2019,5640
19-11-2019,5921
20-11-2019,6301
21-11-2019,7300
21-11-2019,7000
22-11-2019,7950
23-11-2019,9000
25-11-2019,9000
25-11-2019,7899
27-11-2019,6671
28-11-2019,8000
28-11-2019,6501
30-11-2019,6541
01-12-2019,6911
02-12-2019,10000
05-12-2019,15000
07-12-2019,14000
09-12-2019,10000
12-12-2019,7301
20-12-2019,8000
09-01-2020,4342
06-02-2020,2100
09-02-2020,2300
10-02-2020,2600
15-02-2020,2500
17-02-2020,2400
20-02-2020,2400
27-02-2020,2250
02-03-2020,1800
03-03-2020,1811
05-03-2020,2100
05-03-2020,1842
06-03-2020,1961
07-03-2020,2000
07-03-2020,1878
09-03-2020,2000
09-03-2020,1921
11-03-2020,1852
12-03-2020,2000
12-03-2020,1875
14-03-2020,2000
16-03-2020,1831
17-03-2020,1625
18-03-2020,1476
19-03-2020,1500
20-03-2020,1500
21-03-2020,1446
23-03-2020,1478
27-03-2020,1691
28-03-2020,2109
30-03-2020,1911
07-04-2020,1371
16-04-2020,1101
17-04-2020,1115
18-04-2020,1100
30-04-2020,912
05-05-2020,880
06-05-2020,951
15-05-2020,890
18-05-2020,890
19-05-2020,818
20-05-2020,800
21-05-2020,852
23-05-2020,925
25-05-2020,976
26-05-2020,946
27-05-2020,960
28-05-2020,982
29-05-2020,1001
30-05-2020,981
01-06-2020,970
02-06-2020,1051
03-06-2020,1021
04-06-2020,1000
05-06-2020,1001
06-06-2020,1011
08-06-2020,1039
10-06-2020,1187
11-06-2020,1050
11-06-2020,1120
12-06-2020,1080
13-06-2020,1000
13-06-2020,1182
15-06-2020,1135
16-06-2020,1124
17-06-2020,1141
18-06-2020,1000
18-06-2020,1141
19-06-2020,1142
20-06-2020,1000
20-06-2020,1131
22-06-2020,1000
22-06-2020,1081
23-06-2020,1075
24-06-2020,1071
25-06-2020,1000
25-06-2020,1071
26-06-2020,1000
27-06-2020,1000
27-06-2020,1035
29-06-2020,1000
29-06-2020,1041
30-06-2020,1000
01-07-2020,918
02-07-2020,1000
02-07-2020,971
03-07-2020,951
04-07-2020,1000
04-07-2020,930
06-07-2020,960
09-07-2020,900
11-07-2020,900
13-07-2020,900
13-07-2020,991
14-07-2020,991
15-07-2020,971
16-07-2020,900
16-07-2020,967
17-07-2020,941
18-07-2020,900
18-07-2020,900
20-07-2020,900
21-07-2020,960
22-07-2020,990
23-07-2020,900
23-07-2020,961
24-07-2020,941
25-07-2020,852
27-07-2020,900
27-07-2020,951
28-07-2020,821
29-07-2020,891
30-07-2020,991
31-07-2020,881
01-08-2020,867
03-08-2020,800
04-08-2020,940
05-08-2020,952
06-08-2020,775
06-08-2020,899
07-08-2020,825
08-08-2020,841
10-08-2020,900
11-08-2020,961
12-08-2020,1161
13-08-2020,1164
15-08-2020,1161
17-08-2020,1500
17-08-2020,1416
19-08-2020,1955
20-08-2020,2100
20-08-2020,1766
24-08-2020,1650
24-08-2020,1570
26-08-2020,1740
27-08-2020,2100
27-08-2020,1850
28-08-2020,1874
29-08-2020,2000
29-08-2020,1813
31-08-2020,2000
31-08-2020,1931
02-09-2020,2055
03-09-2020,2451
04-09-2020,2451
05-09-2020,2200
05-09-2020,2371
07-09-2020,2100
07-09-2020,2400
08-09-2020,2554
09-09-2020,2862
10-09-2020,3000
10-09-2020,2735
11-09-2020,2673
12-09-2020,2790
14-09-2020,3210
15-09-2020,2200
16-09-2020,2951
18-09-2020,3072
19-09-2020,3200
19-09-2020,3080
21-09-2020,5200
21-09-2020,4251
22-09-2020,4200
23-09-2020,4251
24-09-2020,4200
24-09-2020,4201
25-09-2020,4212
26-09-2020,4000
26-09-2020,4401
28-09-2020,4000
28-09-2020,4301
29-09-2020,4201
30-09-2020,4201
01-10-2020,4352
02-10-2020,4090
03-10-2020,3800
03-10-2020,3300
05-10-2020,3921
06-10-2020,3765
07-10-2020,4200
08-10-2020,4000
08-10-2020,4401
09-10-2020,4200
10-10-2020,4300
12-10-2020,5500
12-10-2020,4552
13-10-2020,4812
14-10-2020,4801
29-10-2020,6500
30-10-2020,5900
31-10-2020,6195
02-11-2020,6500
02-11-2020,6191
03-11-2020,5300
04-11-2020,4711
05-11-2020,4000
05-11-2020,4551
06-11-2020,3811
07-11-2020,5500
07-11-2020,4171
09-11-2020,4900
10-11-2020,4741
11-11-2020,4899
16-11-2020,5600
19-11-2020,5500
19-11-2020,4960
20-11-2020,5051
21-11-2020,6000
21-11-2020,4700
23-11-2020,5000
23-11-2020,4400
24-11-2020,4215
25-11-2020,4230
26-11-2020,3720
27-11-2020,3360
28-11-2020,3271
30-11-2020,3299
01-12-2020,3700
01-12-2020,3699
02-12-2020,3400
03-12-2020,3600
03-12-2020,2809
04-12-2020,2250
05-12-2020,2052
07-12-2020,1900
09-12-2020,3012
10-12-2020,4200
10-12-2020,3040
11-12-2020,3001
12-12-2020,3200
15-12-2020,3012
16-12-2020,2470
17-12-2020,2300
18-12-2020,1621
19-12-2020,1911
21-12-2020,1651
22-12-2020,1901
23-12-2020,2121
24-12-2020,2051
25-12-2020,2202
26-12-2020,1938
28-12-2020,1632
29-12-2020,1981
30-12-2020,2460
31-12-2020,1961
01-01-2021,1923
02-01-2021,1600
04-01-2021,2122
05-01-2021,2000
14-01-2021,3300
25-01-2021,3090
27-01-2021,3000
29-01-2021,3004
16-02-2021,4011
17-02-2021,4241
18-02-2021,4085
19-02-2021,4201
20-02-2021,4312
22-02-2021,4220
23-02-2021,4082
24-02-2021,3900
25-02-2021,3000
26-02-2021,2661
27-02-2021,2515
01-03-2021,2951
02-03-2021,2804
03-03-2021,2926
04-03-2021,2721
05-03-2021,2700
06-03-2021,2200
08-03-2021,1702
09-03-2021,1731
10-03-2021,1802
12-03-2021,1780
15-03-2021,1500
16-03-2021,1553
22-03-2021,1252
23-03-2021,1212
24-03-2021,1252
25-03-2021,1300
26-03-2021,1271
01-04-2021,1180
03-04-2021,1180
05-04-2021,1100
05-04-2021,1172
06-04-2021,1136
07-04-2021,1101
08-04-2021,930
09-04-2021,1032
10-04-2021,1041
15-04-2021,1000
15-04-2021,1201
16-04-2021,1301
17-04-2021,1500
26-04-2021,1535
03-05-2021,1501
04-05-2021,1510
05-05-2021,1553
06-05-2021,900
06-05-2021,1600
07-05-2021,1580
08-05-2021,1561
10-05-2021,1100
10-05-2021,1652
12-05-2021,1600
13-05-2021,1200
17-05-2021,1200
24-05-2021,1635
25-05-2021,1753
26-05-2021,1821
27-05-2021,1990
28-05-2021,2000
29-05-2021,2021
31-05-2021,2200
01-06-2021,2152
02-06-2021,2201
03-06-2021,2100
03-06-2021,2255
04-06-2021,2201
05-06-2021,2000
05-06-2021,2181
07-06-2021,2000
08-06-2021,2145
09-06-2021,2291
10-06-2021,2000
10-06-2021,2251
11-06-2021,2327
12-06-2021,2100
12-06-2021,2291
14-06-2021,2100
17-06-2021,2100
19-06-2021,2100
19-06-2021,2200
21-06-2021,2100
21-06-2021,2320
22-06-2021,2340
23-06-2021,2340
24-06-2021,2200
24-06-2021,2275
25-06-2021,2353
27-06-2021,2100
28-06-2021,2000
28-06-2021,2181
29-06-2021,2371
30-06-2021,2140
01-07-2021,2000
01-07-2021,2251
02-07-2021,2200
03-07-2021,2101
05-07-2021,2099
06-07-2021,1970
07-07-2021,1951
08-07-2021,2100
08-07-2021,1870
09-07-2021,1971
10-07-2021,2100
10-07-2021,1985
12-07-2021,2000
12-07-2021,1891
13-07-2021,2001
14-07-2021,1751
15-07-2021,1751
16-07-2021,1799
17-07-2021,1900
17-07-2021,1790
19-07-2021,1900
19-07-2021,1811
20-07-2021,1790
21-07-2021,1780
22-07-2021,1770
23-07-2021,1731
24-07-2021,1930
26-07-2021,1901
27-07-2021,1970
28-07-2021,2010
29-07-2021,2020
30-07-2021,1990
31-07-2021,1870
02-08-2021,1900
02-08-2021,1831
03-08-2021,1931
04-08-2021,1901
05-08-2021,1950
05-08-2021,1845
06-08-2021,1853
07-08-2021,1900
07-08-2021,1876
09-08-2021,1900
09-08-2021,1871
10-08-2021,1845
11-08-2021,1840
12-08-2021,2000
12-08-2021,1890
13-08-2021,1868
14-08-2021,1861
15-08-2021,1900
16-08-2021,2000
16-08-2021,1902
17-08-2021,1870
19-08-2021,1899
20-08-2021,1862
21-08-2021,2000
21-08-2021,1832
23-08-2021,2000
23-08-2021,1846
24-08-2021,1841
25-08-2021,1781
26-08-2021,1900
26-08-2021,1700
27-08-2021,1661
28-08-2021,1800
28-08-2021,1666
30-08-2021,1750
30-08-2021,1630
31-08-2021,1641
01-09-2021,1675
02-09-2021,1800
02-09-2021,1676
03-09-2021,1676
04-09-2021,1800
06-09-2021,1800
07-09-2021,1666
08-09-2021,1670
09-09-2021,1900
09-09-2021,1637
11-09-2021,1800
13-09-2021,1800
13-09-2021,1645
14-09-2021,1660
15-09-2021,1646
16-09-2021,1800
16-09-2021,1671
17-09-2021,1675
18-09-2021,1699
20-09-2021,1800
20-09-2021,1925
21-09-2021,1890
22-09-2021,2120
23-09-2021,2300
23-09-2021,2356
24-09-2021,2316
25-09-2021,2300
25-09-2021,2150
27-09-2021,2200
27-09-2021,2126
28-09-2021,2241
29-09-2021,2590
30-09-2021,2800
30-09-2021,2712
01-10-2021,2703
02-10-2021,3000
02-10-2021,3101
04-10-2021,3800
04-10-2021,3558
05-10-2021,3556
06-10-2021,3353
07-10-2021,3551
08-10-2021,3625
09-10-2021,3800
09-10-2021,4000
11-10-2021,4500
12-10-2021,4200
13-10-2021,4134
14-10-2021,3682
15-10-2021,3621
16-10-2021,3600
16-10-2021,3640
18-10-2021,3600
18-10-2021,3639
19-10-2021,3501
20-10-2021,3315
21-10-2021,3300
21-10-2021,3207
22-10-2021,3311
23-10-2021,3312
24-10-2021,3100
25-10-2021,3300
25-10-2021,3252
26-10-2021,3231
27-10-2021,3041
28-10-2021,3100
28-10-2021,3100
30-10-2021,3200
06-11-2021,3300
09-11-2021,3400
09-11-2021,3251
10-11-2021,3303
11-11-2021,3600
11-11-2021,3200
12-11-2021,2752
13-11-2021,2800
13-11-2021,2575
15-11-2021,2800
15-11-2021,2566
16-11-2021,2512
17-11-2021,2452
18-11-2021,2600
18-11-2021,2200
19-11-2021,2161
20-11-2021,2500
20-11-2021,2324
22-11-2021,3400
22-11-2021,2555
23-11-2021,2670
24-11-2021,2420
25-11-2021,2600
25-11-2021,2212
26-11-2021,2353
27-11-2021,2500
27-11-2021,2112
29-11-2021,2300
29-11-2021,1995
30-11-2021,1951
01-12-2021,2052
02-12-2021,2800
02-12-2021,2901
03-12-2021,2552
04-12-2021,2500
06-12-2021,2052
07-12-2021,2370
08-12-2021,2500
09-12-2021,3000
09-12-2021,3112
10-12-2021,3200
11-12-2021,3090
13-12-2021,3000
13-12-2021,2912
14-12-2021,2752
15-12-2021,2300
16-12-2021,3000
16-12-2021,2431
18-12-2021,3000
18-12-2021,2201
20-12-2021,3300
22-12-2021,2260
23-12-2021,3200
25-12-2021,3200
27-12-2021,2301
28-12-2021,2255
14-02-2022,2780
17-02-2022,3200
19-02-2022,3300
21-02-2022,3300
24-02-2022,3100
25-02-2022,2499
26-02-2022,2430
28-02-2022,2200
28-02-2022,2002
01-03-2022,1952
02-03-2022,1901
03-03-2022,2100
03-03-2022,1903
04-03-2022,1799
05-03-2022,2000
05-03-2022,1920
07-03-2022,1800
07-03-2022,1661
08-03-2022,1685
09-03-2022,1715
10-03-2022,1800
10-03-2022,1802
11-03-2022,1680
12-03-2022,1500
12-03-2022,1612
14-03-2022,1300
14-03-2022,1691
15-03-2022,1655
16-03-2022,1551
17-03-2022,1200
17-03-2022,1420
19-03-2022,1200
21-03-2022,1200
21-03-2022,1340
23-03-2022,1436
24-03-2022,1100
24-03-2022,1490
26-03-2022,1300
26-03-2022,1300
28-03-2022,1412
29-03-2022,1456
02-04-2022,1252
04-04-2022,1271
05-04-2022,1241
06-04-2022,1295
07-04-2022,1250
07-04-2022,1303
08-04-2022,1215
09-04-2022,1201
11-04-2022,1212
12-04-2022,1158
13-04-2022,1151
15-04-2022,1190
16-04-2022,1280
18-04-2022,1360
19-04-2022,1336
20-04-2022,1200
20-04-2022,1304
21-04-2022,1250
21-04-2022,1251
22-04-2022,1290
23-04-2022,1301
25-04-2022,1200
25-04-2022,1260
26-04-2022,1360
27-04-2022,1400
28-04-2022,1150
28-04-2022,1330
29-04-2022,1372
30-04-2022,1100
30-04-2022,1355
02-05-2022,1360
03-05-2022,1326
04-05-2022,1401
05-05-2022,1360
06-05-2022,1370
07-05-2022,1200
07-05-2022,1225
09-05-2022,1100
09-05-2022,1451
10-05-2022,1313
11-05-2022,1312
12-05-2022,1201
14-05-2022,1221
16-05-2022,1446
17-05-2022,1386
18-05-2022,1125
18-05-2022,1390
19-05-2022,1100
19-05-2022,1382
20-05-2022,1355
21-05-2022,1251
23-05-2022,1371
24-05-2022,1381
25-05-2022,1398
26-05-2022,1395
27-05-2022,1370
28-05-2022,1350
28-05-2022,1421
30-05-2022,1400
30-05-2022,1453
31-05-2022,1500
01-06-2022,1408
02-06-2022,1400
03-06-2022,1570
04-06-2022,1418
06-06-2022,1491
07-06-2022,1451
08-06-2022,1481
09-06-2022,1600
09-06-2022,1500
10-06-2022,1500
11-06-2022,1488
12-06-2022,1800
13-06-2022,2000
13-06-2022,1575
14-06-2022,1562
15-06-2022,1751
16-06-2022,1801
17-06-2022,1751
18-06-2022,1800
18-06-2022,1821
20-06-2022,1571
21-06-2022,1800
22-06-2022,1900
22-06-2022,1800
23-06-2022,1801
24-06-2022,1800
25-06-2022,1800
27-06-2022,1800
28-06-2022,1800
29-06-2022,1851
30-06-2022,1800
30-06-2022,1800
01-07-2022,1800
04-07-2022,1800
05-07-2022,1700
05-07-2022,1800
06-07-2022,1800
07-07-2022,1700
07-07-2022,1800
08-07-2022,1800
09-07-2022,1801
10-07-2022,1700
11-07-2022,1800
11-07-2022,1801
12-07-2022,1801
13-07-2022,1801
14-07-2022,1850
14-07-2022,1520
15-07-2022,1480
16-07-2022,1800
16-07-2022,1436
18-07-2022,1700
18-07-2022,1502
19-07-2022,1451
20-07-2022,1468
21-07-2022,1401
22-07-2022,1491
23-07-2022,1401
25-07-2022,1600
25-07-2022,1421
26-07-2022,1381
27-07-2022,1501
28-07-2022,1600
28-07-2022,1426
29-07-2022,1431
30-07-2022,1451
01-08-2022,1401
02-08-2022,1550
02-08-2022,1345
03-08-2022,1496
04-08-2022,1600
04-08-2022,1475
05-08-2022,1476
06-08-2022,1501
08-08-2022,1600
08-08-2022,1455
09-08-2022,1441
10-08-2022,1425
11-08-2022,1650
12-08-2022,1420
13-08-2022,1600
13-08-2022,1396
14-08-2022,1456
15-08-2022,1650
16-08-2022,1400
17-08-2022,1461
18-08-2022,1700
18-08-2022,1490
19-08-2022,1420
20-08-2022,1473
22-08-2022,1800
22-08-2022,1441
23-08-2022,1421
25-08-2022,1700
25-08-2022,1434
27-08-2022,1390
28-08-2022,1600
29-08-2022,1500
29-08-2022,1341
30-08-2022,1441
01-09-2022,1490
02-09-2022,1491
03-09-2022,1600
03-09-2022,1476
05-09-2022,1460
06-09-2022,1471
07-09-2022,1381
08-09-2022,1500
10-09-2022,1508
13-09-2022,1512
14-09-2022,1431
15-09-2022,1600
16-09-2022,1460
17-09-2022,1600
17-09-2022,1381
19-09-2022,1385
20-09-2022,1412
22-09-2022,1481
23-09-2022,1476
24-09-2022,1435
26-09-2022,1471
28-09-2022,2760
29-09-2022,1670
30-09-2022,1701
01-10-2022,1680
03-10-2022,1739
04-10-2022,1751
06-10-2022,1810
07-10-2022,2061
08-10-2022,2500
08-10-2022,2056
10-10-2022,2700
10-10-2022,2301
12-10-2022,2401
13-10-2022,2500
13-10-2022,2511
14-10-2022,2441
15-10-2022,2421
17-10-2022,2599
18-10-2022,2550
19-10-2022,2351
20-10-2022,2380
21-10-2022,2350
27-10-2022,2900
29-10-2022,3800
31-10-2022,3500
31-10-2022,3101
01-11-2022,2952
02-11-2022,3151
03-11-2022,3400
03-11-2022,3091
04-11-2022,3260
05-11-2022,3300
05-11-2022,3004
07-11-2022,3053
08-11-2022,2891
09-11-2022,2870
10-11-2022,2650
10-11-2022,5660
11-11-2022,2753
12-11-2022,2652
14-11-2022,2900
15-11-2022,2440
16-11-2022,2464
17-11-2022,2199
18-11-2022,1800
19-11-2022,2000
19-11-2022,1851
21-11-2022,1812
22-11-2022,1871
23-11-2022,1855
24-11-2022,2000
24-11-2022,1730
26-11-2022,1744
30-11-2022,1401
01-12-2022,1800
01-12-2022,1332
02-12-2022,1397
03-12-2022,1591
06-12-2022,1141
07-12-2022,1275
08-12-2022,1300
08-12-2022,1361
09-12-2022,1360
10-12-2022,1275
12-12-2022,1352
13-12-2022,1352
14-12-2022,1471
15-12-2022,1600
15-12-2022,1500
16-12-2022,1268
17-12-2022,1600
17-12-2022,1260
19-12-2022,2000
19-12-2022,1491
20-12-2022,1578
21-12-2022,1530
22-12-2022,1900
23-12-2022,1815
24-12-2022,1671
26-12-2022,1640
28-12-2022,1561
29-12-2022,1700
29-12-2022,1540
30-12-2022,1301
31-12-2022,1360
