District Name,Variety,Min Price,Max Price,Modal Price ,Price Date
Ahmednagar,Other,400,2350,1400,02-Jan-10
Ahmednagar,Other,200,2000,1100,04-Jan-10
Ahmednagar,Other,400,1900,1200,07-Jan-10
Ahmednagar,Other,300,1900,1100,09-Jan-10
Ahmednagar,Other,300,1700,1000,11-Jan-10
Ahmednagar,Other,100,1850,1025,14-Jan-10
Ahmednagar,Other,100,1900,1000,16-Jan-10
Ahmednagar,Other,100,1950,1025,18-Jan-10
Ahmednagar,Other,200,2200,1200,21-Jan-10
Ahmednagar,Other,200,1900,1100,23-Jan-10
Ahmednagar,Other,200,1805,1000,25-Jan-10
Ahmednagar,Other,300,1700,1000,28-Jan-10
Ahmednagar,Other,200,1625,950,30-Jan-10
Ahmednagar,Other,200,1575,900,01-Feb-10
Ahmednagar,Other,150,1605,900,04-Feb-10
Ahmednagar,Other,200,1625,925,06-Feb-10
Ahmednagar,Other,200,1605,900,08-Feb-10
Ahmednagar,Other,200,1500,825,11-Feb-10
Ahmednagar,Other,200,1400,800,15-Feb-10
Ahmednagar,Other,100,900,500,23-Feb-10
Ahmednagar,Other,150,905,550,08-Mar-10
Ahmednagar,Other,150,850,500,11-Mar-10
Ahmednagar,Other,150,700,500,25-Mar-10
Ahmednagar,Other,100,705,405,27-Mar-10
Ahmednagar,Other,150,765,500,29-Mar-10
Ahmednagar,Other,150,700,425,08-Apr-10
Ahmednagar,Other,150,615,400,10-Apr-10
Ahmednagar,Other,100,625,375,15-Apr-10
Ahmednagar,Other,100,600,350,17-Apr-10
Ahmednagar,Other,100,600,350,19-Apr-10
Ahmednagar,Other,100,600,350,22-Apr-10
Ahmednagar,Other,100,675,400,03-May-10
Ahmednagar,Other,100,675,400,04-May-10
Ahmednagar,Other,100,625,375,06-May-10
Ahmednagar,Other,100,655,375,08-May-10
Ahmednagar,Other,100,665,350,10-May-10
Ahmednagar,Other,100,800,450,20-May-10
Ahmednagar,Other,100,785,450,22-May-10
Ahmednagar,Other,100,800,450,24-May-10
Ahmednagar,Other,100,850,475,27-May-10
Ahmednagar,Other,150,850,500,29-May-10
Ahmednagar,Other,150,890,525,31-May-10
Ahmednagar,Other,100,810,455,05-Jun-10
Ahmednagar,Other,150,875,525,10-Jun-10
Ahmednagar,Other,100,930,515,14-Jun-10
Ahmednagar,Other,200,1000,600,17-Jun-10
Ahmednagar,Other,200,1000,600,19-Jun-10
Ahmednagar,Other,200,850,525,21-Jun-10
Ahmednagar,Other,100,960,530,01-Jul-10
Ahmednagar,Other,100,940,520,08-Jul-10
Ahmednagar,Other,100,930,515,10-Jul-10
Ahmednagar,Other,100,975,550,12-Jul-10
Ahmednagar,Other,200,1070,635,15-Jul-10
Ahmednagar,Other,200,1000,600,29-Jul-10
Ahmednagar,Other,100,975,538,02-Aug-10
Ahmednagar,Other,100,960,530,06-Aug-10
Ahmednagar,Other,200,1010,610,09-Aug-10
Ahmednagar,Other,200,1050,625,19-Aug-10
Ahmednagar,Other,200,1065,630,21-Aug-10
Ahmednagar,Other,300,1325,810,26-Aug-10
Ahmednagar,Other,300,1450,900,28-Aug-10
Ahmednagar,Other,300,1400,850,30-Aug-10
Ahmednagar,Other,250,1375,825,02-Sep-10
Ahmednagar,Other,250,1450,850,04-Sep-10
Ahmednagar,Other,200,1425,825,06-Sep-10
Ahmednagar,Other,300,1510,910,09-Sep-10
Ahmednagar,Other,300,1530,915,11-Sep-10
Ahmednagar,Other,500,2025,1275,16-Sep-10
Ahmednagar,Other,400,2000,1200,18-Sep-10
Ahmednagar,Other,700,1850,1275,20-Sep-10
Ahmednagar,Other,700,2200,1450,30-Sep-10
Ahmednagar,Other,500,1900,1200,07-Oct-10
Ahmednagar,Other,600,1900,1250,14-Oct-10
Ahmednagar,Other,500,1900,1200,16-Oct-10
Ahmednagar,Other,500,1930,1215,21-Oct-10
Ahmednagar,Other,600,2005,1302,25-Oct-10
Ahmednagar,Other,600,2005,1302,26-Oct-10
Ahmednagar,Other,600,1930,1265,28-Oct-10
Ahmednagar,Other,600,1975,1285,30-Oct-10
Ahmednagar,Other,500,2510,1505,06-Nov-10
Ahmednagar,Other,500,3000,1750,08-Nov-10
Ahmednagar,Other,700,3625,2150,11-Nov-10
Ahmednagar,Other,650,3350,2000,15-Nov-10
Ahmednagar,Other,1300,3500,2100,02-Dec-10
Ahmednagar,Other,1400,3500,2100,04-Dec-10
Ahmednagar,Other,1000,3200,2350,06-Dec-10
Ahmednagar,Other,1000,5000,3000,11-Dec-10
Ahmednagar,Other,1000,6000,3500,13-Dec-10
Ahmednagar,Other,1000,7500,4250,20-Dec-10
Ahmednagar,Other,1000,6500,3750,27-Dec-10
Ahmednagar,Other,1000,5500,3300,10-Jan-11
Ahmednagar,Other,400,4100,2500,13-Jan-11
Ahmednagar,Other,200,1450,825,07-Feb-11
Ahmednagar,Other,200,1000,600,10-Feb-11
Ahmednagar,Other,400,1400,900,21-Feb-11
Ahmednagar,Other,300,1055,700,26-Feb-11
Ahmednagar,Other,200,860,530,03-Mar-11
Ahmednagar,Other,200,810,510,05-Mar-11
Ahmednagar,Other,200,775,550,07-Mar-11
Ahmednagar,Other,200,650,425,10-Mar-11
Ahmednagar,Other,100,615,400,12-Mar-11
Ahmednagar,Other,100,755,480,14-Mar-11
Ahmednagar,Other,100,660,450,17-Mar-11
Ahmednagar,Other,200,660,450,19-Mar-11
Ahmednagar,Other,200,625,425,21-Mar-11
Ahmednagar,Other,200,685,450,24-Mar-11
Ahmednagar,Other,200,655,450,26-Mar-11
Ahmednagar,Other,200,625,450,28-Mar-11
Ahmednagar,Other,100,650,450,02-Apr-11
Ahmednagar,Other,100,650,450,04-Apr-11
Ahmednagar,Other,200,650,450,07-Apr-11
Ahmednagar,Other,100,625,450,09-Apr-11
Ahmednagar,Other,100,610,425,11-Apr-11
Ahmednagar,Other,100,1425,820,08-Sep-11
Ahmednagar,Other,100,1300,750,10-Sep-11
Ahmednagar,Other,100,1500,850,15-Sep-11
Ahmednagar,Other,100,1510,855,17-Sep-11
Ahmednagar,Other,100,1425,815,19-Sep-11
Ahmednagar,Other,100,1430,820,24-Sep-11
Ahmednagar,Other,100,1350,775,26-Sep-11
Ahmednagar,Other,100,1150,675,29-Sep-11
Ahmednagar,Other,100,1050,575,22-Dec-11
Ahmednagar,Other,100,800,450,24-Dec-11
Ahmednagar,Other,100,805,450,26-Dec-11
Ahmednagar,Other,100,750,425,29-Dec-11
Ahmednagar,Other,100,710,405,31-Dec-11
Ahmednagar,Other,100,535,320,14-Apr-12
Ahmednagar,Other,100,650,375,02-Jun-12
Ahmednagar,Other,100,650,375,04-Jun-12
Ahmednagar,Other,100,950,525,08-Oct-12
Ahmednagar,Other,100,1025,565,11-Oct-12
Ahmednagar,Other,100,975,540,13-Oct-12
Ahmednagar,Other,100,1000,550,15-Oct-12
Ahmednagar,Other,200,1255,730,18-Oct-12
Ahmednagar,Other,200,1450,825,27-Oct-12
Ahmednagar,Other,200,1575,885,29-Oct-12
Ahmednagar,Other,200,1750,985,01-Nov-12
Ahmednagar,Other,100,1500,800,15-Nov-12
Ahmednagar,Other,100,1600,830,17-Nov-12
Ahmednagar,Other,100,1900,1000,22-Nov-12
Ahmednagar,Other,100,1675,880,24-Dec-12
Ahmednagar,Other,100,1700,900,27-Dec-12
Ahmednagar,Other,100,1525,815,10-Jan-13
Ahmednagar,Other,200,1255,725,14-Mar-13
Ahmednagar,Other,300,1550,925,30-May-13
Ahmednagar,Other,400,2000,1200,20-Jun-13
Ahmednagar,Other,200,1740,970,22-Jun-13
Ahmednagar,Other,300,1900,1100,24-Jun-13
Ahmednagar,Other,400,2000,1200,01-Jul-13
Ahmednagar,Other,400,2250,1325,11-Jul-13
Ahmednagar,Other,400,2450,1425,13-Jul-13
Ahmednagar,Other,500,2625,1565,15-Jul-13
Ahmednagar,Other,1000,5000,3000,22-Aug-13
Ahmednagar,Other,800,4750,2775,24-Aug-13
Ahmednagar,Other,800,4100,2450,29-Aug-13
Ahmednagar,Other,1000,4800,3200,31-Aug-13
Ahmednagar,Other,1300,5400,3600,14-Sep-13
Ahmednagar,Other,1000,6050,3800,16-Sep-13
Ahmednagar,Other,2000,6450,4400,19-Sep-13
Ahmednagar,Other,1000,5000,3400,21-Sep-13
Ahmednagar,Other,1000,5000,3300,23-Sep-13
Ahmednagar,Other,1000,5350,4400,26-Sep-13
Ahmednagar,Other,1500,5500,4500,28-Sep-13
Ahmednagar,Other,1000,5100,4400,30-Sep-13
Ahmednagar,Other,100,1000,550,01-Feb-14
Ahmednagar,Other,100,930,520,03-Feb-14
Ahmednagar,Other,100,900,500,06-Feb-14
Ahmednagar,Other,100,825,465,08-Feb-14
Ahmednagar,Other,100,800,450,15-Feb-14
Ahmednagar,Other,100,1155,700,10-Mar-14
Ahmednagar,Other,100,905,575,13-Mar-14
Ahmednagar,Other,100,925,550,15-Mar-14
Ahmednagar,Other,100,1000,600,17-Mar-14
Ahmednagar,Other,100,1100,650,24-Mar-14
Ahmednagar,Other,100,1100,650,27-Mar-14
Ahmednagar,Other,200,3000,1600,05-Jul-14
Ahmednagar,Other,300,3000,1600,07-Jul-14
Ahmednagar,Other,200,2550,1300,14-Jul-14
Ahmednagar,Other,300,2700,1500,17-Jul-14
Ahmednagar,Other,300,2625,1500,19-Jul-14
Ahmednagar,Other,300,2050,1200,13-Nov-14
Ahmednagar,Other,100,1400,750,02-Apr-15
Ahmednagar,Other,100,1400,750,04-Apr-15
Ahmednagar,Other,100,1500,800,06-Apr-15
Ahmednagar,Other,100,1460,830,09-Apr-15
Ahmednagar,Other,200,1500,850,11-Apr-15
Ahmednagar,Other,100,1500,800,13-Apr-15
Ahmednagar,Other,100,1450,800,16-Apr-15
Ahmednagar,Other,200,2700,1450,06-Jun-15
Ahmednagar,Other,200,2800,1500,08-Jun-15
Ahmednagar,Other,200,2500,1350,11-Jun-15
Ahmednagar,Other,200,2350,1275,13-Jun-15
Ahmednagar,Other,500,2500,1500,15-Jun-15
Ahmednagar,Other,500,2400,1450,20-Jun-15
Ahmednagar,Other,500,2400,1450,22-Jun-15
Ahmednagar,Other,500,2300,1400,25-Jun-15
Ahmednagar,Other,500,2200,1350,29-Jun-15
Ahmednagar,Other,500,2100,1300,02-Jul-15
Ahmednagar,Other,500,2300,1400,04-Jul-15
Ahmednagar,Other,500,2300,1400,06-Jul-15
Ahmednagar,Other,500,2500,1500,18-Jul-15
Ahmednagar,Other,500,3000,1750,20-Jul-15
Ahmednagar,Other,500,3500,2000,23-Jul-15
Ahmednagar,Other,500,3250,1875,25-Jul-15
Ahmednagar,Other,1600,6100,3850,20-Aug-15
Ahmednagar,Other,1500,8500,5000,22-Aug-15
Ahmednagar,Other,3675,6500,4050,24-Aug-15
Ahmednagar,Other,1500,6300,5250,27-Aug-15
Ahmednagar,Other,1500,6000,5025,31-Aug-15
Ahmednagar,Other,2500,5100,4500,03-Sep-15
Ahmednagar,Other,1000,5500,4200,05-Sep-15
Ahmednagar,Other,1000,6000,4500,07-Sep-15
Ahmednagar,Other,1300,6700,4850,10-Sep-15
Ahmednagar,Other,1500,4300,3900,01-Oct-15
Ahmednagar,Other,1500,4200,3800,03-Oct-15
Ahmednagar,Other,1500,5100,3300,05-Oct-15
Ahmednagar,Other,1500,5000,3800,08-Oct-15
Ahmednagar,Other,300,3725,2500,24-Oct-15
Ahmednagar,Other,200,4325,3200,26-Oct-15
Ahmednagar,Other,200,3900,2500,31-Oct-15
Ahmednagar,Other,200,3500,2100,07-Nov-15
Ahmednagar,Other,200,1800,1400,14-Jan-16
Ahmednagar,Other,200,1950,1400,16-Jan-16
Ahmednagar,Other,200,2000,1400,23-Jan-16
Ahmednagar,Other,200,1825,1300,28-Jan-16
Ahmednagar,Other,200,1800,1300,30-Jan-16
Ahmednagar,Other,100,1600,1000,01-Feb-16
Ahmednagar,Other,100,1575,1000,04-Feb-16
Ahmednagar,Other,100,1100,600,22-Feb-16
Ahmednagar,Other,100,1000,700,03-Mar-16
Ahmednagar,Other,100,975,625,09-Apr-16
Ahmednagar,Other,100,900,450,18-Apr-16
Ahmednagar,Other,100,950,550,06-May-16
Ahmednagar,Other,100,1000,600,07-May-16
Ahmednagar,Other,100,950,575,16-May-16
Ahmednagar,Other,100,1000,550,19-May-16
Ahmednagar,Other,100,1200,700,28-May-16
Ahmednagar,Other,100,1425,800,04-Jun-16
Ahmednagar,Other,100,1305,750,09-Jun-16
Ahmednagar,Other,100,1250,675,11-Jun-16
Ahmednagar,Other,100,1325,725,16-Jun-16
Ahmednagar,Other,100,1400,750,18-Jun-16
Ahmednagar,Other,100,1450,800,20-Jun-16
Ahmednagar,Other,100,1325,750,27-Jun-16
Ahmednagar,Other,100,1200,675,14-Jul-16
Ahmednagar,Other,100,1225,700,16-Jul-16
Ahmednagar,Other,100,1150,700,18-Jul-16
Ahmednagar,Other,100,1100,675,21-Jul-16
Ahmednagar,Other,100,1150,800,23-Jul-16
Ahmednagar,Other,100,1025,800,28-Jul-16
Ahmednagar,Other,100,1100,800,30-Jul-16
Ahmednagar,Other,100,1050,800,01-Aug-16
Ahmednagar,Other,100,1105,825,04-Aug-16
Ahmednagar,Other,100,1100,800,06-Aug-16
Ahmednagar,Other,100,1125,825,08-Aug-16
Ahmednagar,Other,100,1100,800,11-Aug-16
Ahmednagar,Other,100,1075,800,13-Aug-16
Ahmednagar,Other,100,1225,850,15-Aug-16
Ahmednagar,Other,100,1110,800,18-Aug-16
Ahmednagar,Other,100,1175,825,20-Aug-16
Ahmednagar,Other,100,1100,800,22-Aug-16
Ahmednagar,Other,100,1050,775,25-Aug-16
Ahmednagar,Other,100,1025,750,27-Aug-16
Ahmednagar,Other,200,1075,800,02-Sep-16
Ahmednagar,Other,100,1075,800,03-Sep-16
Ahmednagar,Other,100,1050,800,06-Sep-16
Ahmednagar,Other,100,950,750,08-Sep-16
Ahmednagar,Other,100,1000,775,10-Sep-16
Ahmednagar,Other,100,1000,750,12-Sep-16
Ahmednagar,Other,100,1000,750,17-Sep-16
Ahmednagar,Other,100,900,650,19-Sep-16
Ahmednagar,Other,100,900,650,24-Sep-16
Ahmednagar,Other,100,900,650,26-Sep-16
Ahmednagar,Other,50,925,600,01-Oct-16
Ahmednagar,Other,50,900,600,03-Oct-16
Ahmednagar,Other,100,1000,750,06-Oct-16
Ahmednagar,Other,100,1050,800,08-Oct-16
Ahmednagar,Other,100,1000,750,10-Oct-16
Ahmednagar,Other,100,1000,750,13-Oct-16
Ahmednagar,Other,100,1050,750,18-Oct-16
Ahmednagar,Other,100,1100,800,20-Oct-16
Ahmednagar,Other,100,1000,750,22-Oct-16
Ahmednagar,Other,100,1100,800,24-Oct-16
Ahmednagar,Other,100,1255,850,04-Nov-16
Ahmednagar,Other,100,1500,1000,05-Nov-16
Ahmednagar,Other,200,1200,900,07-Nov-16
Ahmednagar,Other,100,1400,1000,14-Nov-16
Ahmednagar,Other,100,1400,1000,21-Nov-16
Ahmednagar,Other,100,1130,900,02-Jan-17
Ahmednagar,Other,200,775,600,07-Mar-17
Ahmednagar,Other,200,750,600,09-Mar-17
Ahmednagar,Other,200,700,575,21-Mar-17
Ahmednagar,Other,200,700,575,23-Mar-17
Ahmednagar,Other,200,715,575,25-Mar-17
Ahmednagar,Other,200,700,600,06-Apr-17
Ahmednagar,Other,200,700,600,08-Apr-17
Ahmednagar,Other,200,660,550,10-Apr-17
Ahmednagar,Other,100,620,525,22-Apr-17
Ahmednagar,Other,100,625,525,24-Apr-17
Ahmednagar,Other,100,650,500,27-Apr-17
Ahmednagar,Other,150,700,550,04-May-17
Ahmednagar,Other,100,580,475,05-May-17
Ahmednagar,Other,100,560,450,06-May-17
Ahmednagar,Other,100,625,525,08-May-17
Ahmednagar,Other,100,630,525,11-May-17
Ahmednagar,Other,100,625,525,13-May-17
Ahmednagar,Other,100,680,525,18-May-17
Ahmednagar,Other,100,700,575,20-May-17
Ahmednagar,Other,100,750,625,22-May-17
Ahmednagar,Other,100,750,625,25-May-17
Ahmednagar,Other,100,1000,800,27-May-17
Ahmednagar,Other,100,1000,800,29-May-17
Ahmednagar,Other,200,1050,850,08-Jun-17
Ahmednagar,Other,200,1000,800,15-Jun-17
Ahmednagar,Other,200,950,750,17-Jun-17
Ahmednagar,Other,100,800,650,19-Jun-17
Ahmednagar,Other,100,900,700,22-Jun-17
Ahmednagar,Other,100,850,700,27-Jun-17
Ahmednagar,Other,100,900,700,29-Jun-17
Ahmednagar,Other,100,1000,800,01-Jul-17
Ahmednagar,Other,100,950,750,03-Jul-17
Ahmednagar,Other,100,855,675,06-Jul-17
Ahmednagar,Other,100,925,750,13-Jul-17
Ahmednagar,Other,100,1000,800,15-Jul-17
Ahmednagar,Other,100,900,700,17-Jul-17
Ahmednagar,Other,100,925,750,20-Jul-17
Ahmednagar,Other,100,1150,900,24-Jul-17
Ahmednagar,Other,300,1600,1300,27-Jul-17
Ahmednagar,Other,300,2000,1600,29-Jul-17
Ahmednagar,Other,300,1705,1450,31-Jul-17
Ahmednagar,Other,500,3505,3000,03-Aug-17
Ahmednagar,Other,500,3300,2800,05-Aug-17
Ahmednagar,Other,500,2700,2250,07-Aug-17
Ahmednagar,Other,500,2800,2400,10-Aug-17
Ahmednagar,Other,500,2700,2300,12-Aug-17
Ahmednagar,Other,300,2400,2050,14-Aug-17
Ahmednagar,Other,300,2500,2100,17-Aug-17
Ahmednagar,Other,500,2800,2350,19-Aug-17
Ahmednagar,Other,500,2800,2400,21-Aug-17
Ahmednagar,Other,300,2000,1500,26-Aug-17
Ahmednagar,Other,300,2000,1500,28-Aug-17
Ahmednagar,Other,300,2100,1600,31-Aug-17
Ahmednagar,Other,500,2200,1600,02-Sep-17
Ahmednagar,Other,500,2200,1600,04-Sep-17
Ahmednagar,Other,300,1900,1500,07-Sep-17
Ahmednagar,Other,300,1800,1300,09-Sep-17
Ahmednagar,Other,200,1800,1300,11-Sep-17
Ahmednagar,Other,200,1700,1250,14-Sep-17
Ahmednagar,Other,200,1600,1200,18-Sep-17
Ahmednagar,Other,200,2100,1700,21-Sep-17
Ahmednagar,Other,200,2100,1700,23-Sep-17
Ahmednagar,Other,300,2000,1600,25-Sep-17
Ahmednagar,Other,300,1800,1400,30-Sep-17
Ahmednagar,Other,300,2000,1600,02-Oct-17
Ahmednagar,Other,300,2900,2450,09-Oct-17
Ahmednagar,Other,500,2700,2200,14-Oct-17
Ahmednagar,Other,500,4000,3500,23-Oct-17
Ahmednagar,Other,300,3300,2800,28-Oct-17
Ahmednagar,Other,200,3500,2900,30-Oct-17
Ahmednagar,Other,500,3800,3200,02-Nov-17
Ahmednagar,Other,500,4000,3400,04-Nov-17
Ahmednagar,Other,500,3800,3200,06-Nov-17
Ahmednagar,Other,500,3500,2900,09-Nov-17
Ahmednagar,Other,500,3200,2600,11-Nov-17
Ahmednagar,Other,500,3500,2900,13-Nov-17
Ahmednagar,Other,550,4325,2550,16-Nov-17
Ahmednagar,Other,800,5000,4300,23-Nov-17
Ahmednagar,Other,500,4000,3400,30-Nov-17
Ahmednagar,Other,500,4000,2800,08-Jan-18
Ahmednagar,Other,500,3500,2800,15-Jan-18
Ahmednagar,Other,500,3600,2900,20-Jan-18
Ahmednagar,Other,500,3400,2750,22-Jan-18
Ahmednagar,Other,300,975,800,10-Mar-18
Ahmednagar,Other,300,900,750,13-Mar-18
Ahmednagar,Other,300,900,750,15-Mar-18
Ahmednagar,Other,200,800,650,17-Mar-18
Ahmednagar,Other,200,900,650,19-Mar-18
Ahmednagar,Other,300,1100,700,24-Mar-18
Ahmednagar,Other,300,1000,700,26-Mar-18
Ahmednagar,Other,200,900,700,31-Mar-18
Ahmednagar,Other,200,900,700,02-Apr-18
Ahmednagar,Other,200,900,650,05-Apr-18
Ahmednagar,Other,200,900,700,07-Apr-18
Ahmednagar,Other,200,850,600,09-Apr-18
Ahmednagar,Other,200,800,600,12-Apr-18
Ahmednagar,Other,200,800,550,19-Apr-18
Ahmednagar,Other,200,850,650,26-Apr-18
Ahmednagar,Other,200,900,750,06-May-18
Ahmednagar,Other,100,800,650,07-May-18
Ahmednagar,Other,100,850,650,10-May-18
Ahmednagar,Other,100,825,550,21-May-18
Ahmednagar,Other,100,900,600,24-May-18
Ahmednagar,Other,100,1000,600,26-May-18
Ahmednagar,Other,200,1300,850,02-Jun-18
Ahmednagar,Other,100,1150,700,04-Jun-18
Ahmednagar,Other,100,1200,750,07-Jun-18
Ahmednagar,Other,100,1200,750,09-Jun-18
Ahmednagar,Other,200,1400,800,16-Jun-18
Ahmednagar,Other,200,1400,800,18-Jun-18
Ahmednagar,Other,200,1400,1150,21-Jun-18
Ahmednagar,Other,200,1400,1050,26-Jun-18
Ahmednagar,Other,200,1400,1000,28-Jun-18
Ahmednagar,Other,150,1500,1200,30-Jun-18
Ahmednagar,Other,300,1700,1400,02-Jul-18
Ahmednagar,Other,200,1500,1150,05-Jul-18
Ahmednagar,Other,200,1400,1000,07-Jul-18
Ahmednagar,Other,200,1500,1050,10-Jul-18
Ahmednagar,Other,200,1500,1050,12-Jul-18
Ahmednagar,Other,200,1500,1000,14-Jul-18
Ahmednagar,Other,200,1500,1200,16-Jul-18
Ahmednagar,Other,200,1400,1000,19-Jul-18
Ahmednagar,Other,200,1400,950,22-Jul-18
Ahmednagar,Other,200,1400,1050,23-Jul-18
Ahmednagar,Other,200,1400,950,26-Jul-18
Ahmednagar,Other,200,1350,900,28-Jul-18
Ahmednagar,Other,200,1200,900,30-Jul-18
Ahmednagar,Other,200,1300,900,02-Aug-18
Ahmednagar,Other,200,1300,950,04-Aug-18
Ahmednagar,Other,300,1300,1000,07-Aug-18
Ahmednagar,Other,100,1300,850,11-Aug-18
Ahmednagar,Other,300,1300,950,13-Aug-18
Ahmednagar,Other,200,1300,950,16-Aug-18
Ahmednagar,Other,200,1350,900,18-Aug-18
Ahmednagar,Other,200,1300,850,25-Aug-18
Ahmednagar,Other,200,1200,800,27-Aug-18
Ahmednagar,Other,200,1200,750,30-Aug-18
Ahmednagar,Other,200,1300,800,04-Sep-18
Ahmednagar,Other,200,1250,800,06-Sep-18
Ahmednagar,Other,200,1200,700,08-Sep-18
Ahmednagar,Other,200,1100,800,10-Sep-18
Ahmednagar,Other,200,1200,750,15-Sep-18
Ahmednagar,Other,200,1150,900,17-Sep-18
Ahmednagar,Other,200,1100,750,20-Sep-18
Ahmednagar,Other,200,1100,750,22-Sep-18
Ahmednagar,Other,200,1100,750,24-Sep-18
Ahmednagar,Other,200,1100,800,27-Sep-18
Ahmednagar,Other,200,1150,750,29-Sep-18
Ahmednagar,Other,200,1150,750,01-Oct-18
Ahmednagar,Other,200,1160,750,04-Oct-18
Ahmednagar,Other,200,1300,850,06-Oct-18
Ahmednagar,Other,200,1600,950,13-Oct-18
Ahmednagar,Other,200,1800,1400,15-Oct-18
Ahmednagar,Other,200,1800,1200,20-Oct-18
Ahmednagar,Other,200,1800,1300,22-Oct-18
Ahmednagar,Other,300,1900,1450,25-Oct-18
Ahmednagar,Other,300,1700,1300,27-Oct-18
Ahmednagar,Other,300,1600,1200,29-Oct-18
Ahmednagar,Other,300,1800,1450,03-Nov-18
Ahmednagar,Other,300,2000,1500,12-Nov-18
Ahmednagar,Other,300,1600,1200,15-Nov-18
Ahmednagar,Other,300,1500,1200,19-Nov-18
Ahmednagar,Other,200,1500,1000,01-Dec-18
Ahmednagar,Other,200,1300,800,03-Dec-18
Ahmednagar,Other,100,800,600,19-Jan-19
Ahmednagar,Other,100,800,600,20-Jan-19
Ahmednagar,Other,100,800,600,26-Jan-19
Ahmednagar,Other,100,800,650,09-Feb-19
Ahmednagar,Other,100,700,500,14-Feb-19
Ahmednagar,Other,100,650,500,16-Feb-19
Ahmednagar,Other,100,650,500,21-Feb-19
Ahmednagar,Other,100,600,500,23-Feb-19
Ahmednagar,Other,100,600,500,02-Mar-19
Ahmednagar,Other,100,600,500,04-Mar-19
Ahmednagar,Other,100,900,750,11-Mar-19
Ahmednagar,Other,100,750,600,14-Mar-19
Ahmednagar,Other,100,800,650,23-Mar-19
Ahmednagar,Other,300,850,600,28-Mar-19
Ahmednagar,Other,300,850,600,06-Apr-19
Ahmednagar,Other,250,950,720,12-Apr-19
Ahmednagar,Other,100,900,700,15-Apr-19
Ahmednagar,Other,300,1150,800,11-May-19
Ahmednagar,Other,100,1600,700,20-Jun-19
Ahmednagar,Other,500,1600,750,27-Jun-19
Ahmednagar,Other,200,1700,1300,01-Jul-19
Ahmednagar,Other,500,1500,700,04-Jul-19
Ahmednagar,Other,200,1500,1200,18-Jul-19
Ahmednagar,Other,200,1600,1250,29-Jul-19
Ahmednagar,Other,800,2100,1500,15-Aug-19
Ahmednagar,Other,400,2200,1700,19-Aug-19
Ahmednagar,Other,1500,3200,2000,22-Aug-19
Ahmednagar,Other,1000,2600,2000,24-Aug-19
Ahmednagar,Other,1200,2600,2200,26-Aug-19
Ahmednagar,Other,1200,2700,1800,07-Sep-19
Ahmednagar,Other,500,3200,2400,14-Sep-19
Ahmednagar,Other,700,3500,2700,16-Sep-19
Ahmednagar,Other,1200,4700,3500,19-Sep-19
Ahmednagar,Other,1600,4400,3000,21-Sep-19
Ahmednagar,Other,1500,3500,3100,26-Sep-19
Ahmednagar,Other,1500,4000,3100,28-Sep-19
Ahmednagar,Other,1300,3200,2700,03-Oct-19
Ahmednagar,Other,2000,3500,2800,05-Oct-19
Ahmednagar,Other,2000,3500,2800,10-Oct-19
Ahmednagar,Other,1500,4900,4000,31-Oct-19
Ahmednagar,Other,1500,6000,4500,01-Nov-19
Ahmednagar,Other,1500,5800,3700,04-Nov-19
Ahmednagar,Other,2000,6500,5500,09-Nov-19
Ahmednagar,Other,2500,6200,4500,18-Nov-19
Ahmednagar,Other,3000,7300,6000,21-Nov-19
Ahmednagar,Other,3000,9000,7500,23-Nov-19
Ahmednagar,Other,3500,9000,7500,25-Nov-19
Ahmednagar,Other,3500,8000,6500,28-Nov-19
Ahmednagar,Other,2000,10000,8000,02-Dec-19
Ahmednagar,Other,1000,15000,10000,05-Dec-19
Ahmednagar,Other,1000,14000,10000,07-Dec-19
Ahmednagar,Other,4000,10000,8000,09-Dec-19
Ahmednagar,Other,300,2100,1700,06-Feb-20
Ahmednagar,Other,200,2300,1900,09-Feb-20
Ahmednagar,Other,300,2600,2100,10-Feb-20
Ahmednagar,Other,200,2500,1700,15-Feb-20
Ahmednagar,Other,200,2400,2000,17-Feb-20
Ahmednagar,Other,500,2400,2000,20-Feb-20
Ahmednagar,Other,200,2250,1900,27-Feb-20
Ahmednagar,Other,300,1800,1600,02-Mar-20
Ahmednagar,Other,200,2100,1800,05-Mar-20
Ahmednagar,Other,300,2000,1700,07-Mar-20
Ahmednagar,Other,300,2000,1700,09-Mar-20
Ahmednagar,Other,300,2000,1700,12-Mar-20
Ahmednagar,Other,200,1050,750,11-Jun-20
Ahmednagar,Other,200,1000,800,13-Jun-20
Ahmednagar,Other,200,1000,800,18-Jun-20
Ahmednagar,Other,400,1000,800,20-Jun-20
Ahmednagar,Other,300,1000,800,22-Jun-20
Ahmednagar,Other,300,1000,850,25-Jun-20
Ahmednagar,Other,300,1000,750,27-Jun-20
Ahmednagar,Other,200,1000,700,29-Jun-20
Ahmednagar,Other,200,1000,700,02-Jul-20
Ahmednagar,Other,200,1000,650,04-Jul-20
Ahmednagar,Other,200,960,750,06-Jul-20
Ahmednagar,Other,400,900,750,09-Jul-20
Ahmednagar,Other,250,900,650,11-Jul-20
Ahmednagar,Other,250,900,650,13-Jul-20
Ahmednagar,Other,200,900,700,16-Jul-20
Ahmednagar,Other,200,900,650,18-Jul-20
Ahmednagar,Other,250,900,650,20-Jul-20
Ahmednagar,Other,200,900,650,23-Jul-20
Ahmednagar,Other,200,900,650,27-Jul-20
Ahmednagar,Other,200,800,600,03-Aug-20
Ahmednagar,Other,200,775,600,06-Aug-20
Ahmednagar,Other,500,1500,1300,17-Aug-20
Ahmednagar,Other,900,2100,1600,20-Aug-20
Ahmednagar,Other,600,1650,1200,24-Aug-20
Ahmednagar,Other,600,2100,1600,27-Aug-20
Ahmednagar,Other,700,2000,1600,29-Aug-20
Ahmednagar,Other,700,2000,1600,31-Aug-20
Ahmednagar,Other,500,2200,1500,05-Sep-20
Ahmednagar,Other,500,2100,1500,07-Sep-20
Ahmednagar,Other,800,3000,2200,10-Sep-20
Ahmednagar,Other,800,3200,2500,19-Sep-20
Ahmednagar,Other,1600,5200,4500,21-Sep-20
Ahmednagar,Other,1300,4200,3300,24-Sep-20
Ahmednagar,Other,1200,4000,3000,26-Sep-20
Ahmednagar,Other,1200,4000,3200,28-Sep-20
Ahmednagar,Other,900,3800,3100,03-Oct-20
Ahmednagar,Other,1500,4000,3500,08-Oct-20
Ahmednagar,Other,1700,5500,4500,12-Oct-20
Ahmednagar,Other,1000,6500,5000,29-Oct-20
Ahmednagar,Other,2500,6500,5500,02-Nov-20
Ahmednagar,Other,1500,4000,3500,05-Nov-20
Ahmednagar,Other,1500,5500,4500,07-Nov-20
Ahmednagar,Other,1500,5600,4800,16-Nov-20
Ahmednagar,Other,2000,5500,4500,19-Nov-20
Ahmednagar,Other,2000,6000,5000,21-Nov-20
Ahmednagar,Other,1800,5000,4100,23-Nov-20
Ahmednagar,Other,1000,3700,2900,01-Dec-20
Ahmednagar,Other,1200,3600,3200,03-Dec-20
Ahmednagar,Other,1000,4200,3500,10-Dec-20
Ahmednagar,Other,1000,3300,2600,14-Jan-21
Ahmednagar,Other,500,1100,900,05-Apr-21
Ahmednagar,Other,400,1000,750,15-Apr-21
Ahmednagar,Other,400,900,700,06-May-21
Ahmednagar,Other,400,1100,900,10-May-21
Ahmednagar,Other,400,1200,900,13-May-21
Ahmednagar,Other,350,1200,800,17-May-21
Ahmednagar,Other,600,2100,1800,03-Jun-21
Ahmednagar,Other,600,2000,1500,05-Jun-21
Ahmednagar,Other,500,2000,1550,07-Jun-21
Ahmednagar,Other,600,2000,1455,10-Jun-21
Ahmednagar,Other,600,2100,1600,12-Jun-21
Ahmednagar,Other,600,2100,1550,14-Jun-21
Ahmednagar,Other,600,2100,1550,17-Jun-21
Ahmednagar,Other,650,2100,1550,19-Jun-21
Ahmednagar,Other,600,2100,1600,21-Jun-21
Ahmednagar,Other,600,2200,1600,24-Jun-21
Ahmednagar,Other,600,2100,1500,27-Jun-21
Ahmednagar,Other,600,2000,1550,28-Jun-21
Ahmednagar,Other,650,2000,1550,01-Jul-21
Ahmednagar,Other,650,2100,1650,08-Jul-21
Ahmednagar,Other,650,2100,1600,10-Jul-21
Ahmednagar,Other,700,2000,1725,12-Jul-21
Ahmednagar,Other,650,1900,1450,17-Jul-21
Ahmednagar,Other,650,1900,1550,19-Jul-21
Ahmednagar,Other,550,1900,1500,02-Aug-21
Ahmednagar,Other,575,1950,1500,05-Aug-21
Ahmednagar,Other,650,1900,1500,07-Aug-21
Ahmednagar,Other,550,1900,1475,09-Aug-21
Ahmednagar,Other,600,2000,1450,12-Aug-21
Ahmednagar,Other,500,1900,1500,15-Aug-21
Ahmednagar,Other,550,2000,1550,16-Aug-21
Ahmednagar,Other,600,2000,1650,21-Aug-21
Ahmednagar,Other,650,2000,1500,23-Aug-21
Ahmednagar,Other,500,1900,1500,26-Aug-21
Ahmednagar,Other,450,1800,1350,28-Aug-21
Ahmednagar,Other,500,1750,1250,30-Aug-21
Ahmednagar,Other,500,1800,1400,02-Sep-21
Ahmednagar,Other,450,1800,1400,04-Sep-21
Ahmednagar,Other,500,1800,1500,06-Sep-21
Ahmednagar,Other,450,1900,1500,09-Sep-21
Ahmednagar,Other,550,1800,1450,11-Sep-21
Ahmednagar,Other,500,1800,1500,13-Sep-21
Ahmednagar,Other,500,1800,1400,16-Sep-21
Ahmednagar,Other,450,1800,1450,20-Sep-21
Ahmednagar,Other,500,2300,1750,23-Sep-21
Ahmednagar,Other,600,2300,1650,25-Sep-21
Ahmednagar,Other,650,2200,1600,27-Sep-21
Ahmednagar,Other,1050,2800,2350,30-Sep-21
Ahmednagar,Other,1050,3000,2100,02-Oct-21
Ahmednagar,Other,1200,3800,2800,04-Oct-21
Ahmednagar,Other,900,3800,2700,09-Oct-21
Ahmednagar,Other,1500,4500,3600,11-Oct-21
Ahmednagar,Other,950,3600,2800,16-Oct-21
Ahmednagar,Other,950,3600,2850,18-Oct-21
Ahmednagar,Other,950,3300,2750,21-Oct-21
Ahmednagar,Other,850,3100,2650,24-Oct-21
Ahmednagar,Other,900,3300,2800,25-Oct-21
Ahmednagar,Other,700,3100,2600,28-Oct-21
Ahmednagar,Other,900,3200,2600,30-Oct-21
Ahmednagar,Other,800,3300,2400,06-Nov-21
Ahmednagar,Other,850,3400,2400,09-Nov-21
Ahmednagar,Other,900,3600,2700,11-Nov-21
Ahmednagar,Other,600,2800,2100,13-Nov-21
Ahmednagar,Other,800,2800,2100,15-Nov-21
Ahmednagar,Other,600,2600,2100,18-Nov-21
Ahmednagar,Other,500,2500,2000,20-Nov-21
Ahmednagar,Other,800,3400,2400,22-Nov-21
Ahmednagar,Other,600,2600,1800,25-Nov-21
Ahmednagar,Other,500,2500,1750,27-Nov-21
Ahmednagar,Other,500,2300,1600,29-Nov-21
Ahmednagar,Other,650,2800,2150,02-Dec-21
Ahmednagar,Other,600,3000,2200,09-Dec-21
Ahmednagar,Other,700,3000,2200,13-Dec-21
Ahmednagar,Other,700,3000,2300,16-Dec-21
Ahmednagar,Other,650,3000,2350,18-Dec-21
Ahmednagar,Other,600,3300,2300,20-Dec-21
Ahmednagar,Other,1000,3200,2500,23-Dec-21
Ahmednagar,Other,1000,3200,2500,25-Dec-21
Ahmednagar,Other,700,3200,2300,17-Feb-22
Ahmednagar,Other,700,3300,2400,19-Feb-22
Ahmednagar,Other,700,3300,2500,21-Feb-22
Ahmednagar,Other,800,3100,2200,24-Feb-22
Ahmednagar,Other,500,2200,1600,28-Feb-22
Ahmednagar,Other,500,2100,1500,03-Mar-22
Ahmednagar,Other,500,2000,1900,05-Mar-22
Ahmednagar,Other,400,1800,1400,07-Mar-22
Ahmednagar,Other,800,1800,1400,10-Mar-22
Ahmednagar,Other,650,1500,1100,12-Mar-22
Ahmednagar,Other,600,1300,975,14-Mar-22
Ahmednagar,Other,650,1200,925,17-Mar-22
Ahmednagar,Other,650,1200,1000,19-Mar-22
Ahmednagar,Other,650,1200,900,21-Mar-22
Ahmednagar,Other,550,1100,850,24-Mar-22
Ahmednagar,Other,600,1300,900,26-Mar-22
Ahmednagar,Other,600,1250,900,07-Apr-22
Ahmednagar,Other,100,1200,700,20-Apr-22
Ahmednagar,Other,500,1250,950,21-Apr-22
Ahmednagar,Other,500,1200,850,25-Apr-22
Ahmednagar,Other,500,1150,800,28-Apr-22
Ahmednagar,Other,500,1100,850,30-Apr-22
Ahmednagar,Other,550,1200,850,07-May-22
Ahmednagar,Other,600,1100,900,09-May-22
Ahmednagar,Other,500,1125,800,18-May-22
Ahmednagar,Other,550,1100,850,19-May-22
Ahmednagar,Other,250,1350,850,28-May-22
Ahmednagar,Other,700,1400,1000,30-May-22
Ahmednagar,Other,800,1600,1100,09-Jun-22
Ahmednagar,Other,600,1800,1400,12-Jun-22
Ahmednagar,Other,600,2000,1600,13-Jun-22
Ahmednagar,Other,455,1800,1305,18-Jun-22
Ahmednagar,Other,500,1900,1500,22-Jun-22
Ahmednagar,Other,550,1800,1400,30-Jun-22
Ahmednagar,Other,500,1700,1400,05-Jul-22
Ahmednagar,Other,500,1700,1400,07-Jul-22
Ahmednagar,Other,450,1700,1350,10-Jul-22
Ahmednagar,Other,950,1800,1300,11-Jul-22
Ahmednagar,Other,950,1850,1350,14-Jul-22
Ahmednagar,Other,950,1800,1450,16-Jul-22
Ahmednagar,Other,850,1700,1250,18-Jul-22
Ahmednagar,Other,850,1600,1250,25-Jul-22
Ahmednagar,Other,950,1600,1250,28-Jul-22
Ahmednagar,Other,750,1550,1250,02-Aug-22
Ahmednagar,Other,850,1600,1250,04-Aug-22
Ahmednagar,Other,850,1600,1200,08-Aug-22
Ahmednagar,Other,450,1650,1250,11-Aug-22
Ahmednagar,Other,750,1600,1250,13-Aug-22
Ahmednagar,Other,850,1650,1250,15-Aug-22
Ahmednagar,Other,850,1700,1300,18-Aug-22
Ahmednagar,Other,950,1800,1450,22-Aug-22
Ahmednagar,Other,950,1700,1400,25-Aug-22
Ahmednagar,Other,800,1600,1200,28-Aug-22
Ahmednagar,Other,850,1500,1200,29-Aug-22
Ahmednagar,Other,800,1600,1200,03-Sep-22
Ahmednagar,Other,800,1600,1200,17-Sep-22
Ahmednagar,Other,1200,2500,2000,08-Oct-22
Ahmednagar,Other,1400,2700,2200,10-Oct-22
Ahmednagar,Other,1500,2500,1900,13-Oct-22
Ahmednagar,Other,1600,2900,2300,27-Oct-22
Ahmednagar,Other,1100,3800,3100,29-Oct-22
Ahmednagar,Other,2000,3500,2900,31-Oct-22
Ahmednagar,Other,1800,3400,2600,03-Nov-22
Ahmednagar,Other,1900,3300,2700,05-Nov-22
Ahmednagar,Other,1300,2650,1900,10-Nov-22
Ahmednagar,Other,1400,2900,2200,14-Nov-22
Ahmednagar,Other,1000,2000,1600,19-Nov-22
Ahmednagar,Other,1200,2000,1600,24-Nov-22
Ahmednagar,Other,1000,1800,1500,01-Dec-22
Ahmednagar,Other,600,1300,900,08-Dec-22
Ahmednagar,Other,700,1600,1200,15-Dec-22
Ahmednagar,Other,800,1600,1200,17-Dec-22
Ahmednagar,Other,900,2000,1500,19-Dec-22
Ahmednagar,Other,1200,1700,1500,29-Dec-22
