District Name,Variety,Min Price,Max Price,Modal Price ,Price Date
Ahmednagar,Red,500,4650,2700,19-Sep-13
Ahmednagar,Red,500,4225,2350,21-Sep-13
Ahmednagar,Red,500,4000,2200,23-Sep-13
Ahmednagar,Red,500,4500,2600,26-Sep-13
Ahmednagar,Red,500,4200,2700,28-Sep-13
Ahmednagar,Red,500,4275,2700,30-Sep-13
Ahmednagar,Red,500,4150,2700,07-Oct-13
Ahmednagar,Red,200,4550,2750,12-Oct-13
Ahmednagar,Red,300,4725,2850,14-Oct-13
Ahmednagar,Red,500,5450,3500,17-Oct-13
Ahmednagar,Red,300,5200,3400,21-Oct-13
Ahmednagar,Red,200,5500,2850,24-Oct-13
Ahmednagar,Red,100,5100,2600,28-Oct-13
Ahmednagar,Red,300,6000,3200,07-Nov-13
Ahmednagar,Red,200,4400,2300,21-Nov-13
Ahmednagar,Red,200,3500,1850,23-Nov-13
Ahmednagar,Red,200,3300,1750,28-Nov-13
Ahmednagar,Red,200,2550,1375,02-Dec-13
Ahmednagar,Red,200,2500,1400,09-Dec-13
Ahmednagar,Red,200,1750,1000,12-Dec-13
Ahmednagar,Red,200,1650,950,14-Dec-13
Ahmednagar,Red,200,1650,950,16-Dec-13
Ahmednagar,Red,100,1400,800,19-Dec-13
Ahmednagar,Red,100,1500,800,23-Dec-13
Ahmednagar,Red,200,1600,900,02-Jan-14
Ahmednagar,Red,300,4105,3100,03-Oct-15
Ahmednagar,Red,300,3725,2500,24-Oct-15
Ahmednagar,Red,200,4325,3200,26-Oct-15
Ahmednagar,Red,200,4000,2800,29-Oct-15
Ahmednagar,Red,2000,3250,2200,02-Nov-15
Ahmednagar,Red,200,3500,2000,05-Nov-15
Ahmednagar,Red,200,3600,2200,12-Nov-15
Ahmednagar,Red,200,4000,2600,14-Nov-15
Ahmednagar,Red,200,4200,2800,16-Nov-15
Ahmednagar,Red,100,3000,2200,23-Nov-15
Ahmednagar,Red,100,3000,2000,26-Nov-15
Ahmednagar,Red,100,3000,2000,28-Nov-15
Ahmednagar,Red,100,2850,1900,30-Nov-15
Ahmednagar,Red,100,2350,1700,03-Dec-15
Ahmednagar,Red,100,2500,1700,05-Dec-15
Ahmednagar,Red,100,2400,1600,07-Dec-15
Ahmednagar,Red,100,1900,1100,10-Dec-15
Ahmednagar,Red,100,2000,1200,12-Dec-15
Ahmednagar,Red,100,2225,1350,14-Dec-15
Ahmednagar,Red,100,2000,1200,19-Dec-15
Ahmednagar,Red,100,2000,1250,21-Dec-15
Ahmednagar,Red,300,2500,1400,28-Dec-15
Ahmednagar,Red,200,2305,1400,31-Dec-15
Ahmednagar,Red,200,2200,1200,02-Jan-16
Ahmednagar,Red,200,2000,1100,04-Jan-16
Ahmednagar,Red,200,2000,1400,21-Jan-16
Ahmednagar,Red,300,1700,1250,19-Nov-16
Ahmednagar,Red,300,2000,1450,21-Nov-16
Ahmednagar,Red,100,1000,650,24-Nov-16
Ahmednagar,Red,300,1600,1200,26-Nov-16
Ahmednagar,Red,300,1700,1300,28-Nov-16
Ahmednagar,Red,100,1500,1100,09-Dec-16
Ahmednagar,Red,100,1305,950,15-Dec-16
Ahmednagar,Red,100,1250,900,17-Dec-16
Ahmednagar,Red,100,1200,1050,22-Dec-16
Ahmednagar,Red,100,1200,1000,26-Dec-16
Ahmednagar,Red,100,1125,950,29-Dec-16
Ahmednagar,Red,100,1000,800,05-Jan-17
Ahmednagar,Red,100,900,700,14-Jan-17
Ahmednagar,Red,100,850,700,16-Jan-17
Ahmednagar,Red,100,800,600,30-Jan-17
Ahmednagar,Red,100,850,700,13-Feb-17
Ahmednagar,Red,200,850,700,20-Feb-17
Ahmednagar,Red,200,810,650,27-Feb-17
Ahmednagar,Red,500,4350,3700,20-Nov-17
Ahmednagar,Red,500,3300,2500,02-Dec-17
Ahmednagar,Red,500,3300,2500,04-Dec-17
Ahmednagar,Red,700,4600,3800,11-Dec-17
Ahmednagar,Red,700,3800,2800,16-Dec-17
Ahmednagar,Red,700,3600,2800,18-Dec-17
Ahmednagar,Red,500,3900,2800,21-Dec-17
Ahmednagar,Red,500,3500,2400,25-Dec-17
Ahmednagar,Red,500,4000,2500,01-Jan-18
Ahmednagar,Red,500,3500,2300,13-Jan-18
Ahmednagar,Red,500,3600,2900,18-Jan-18
Ahmednagar,Red,400,3200,2500,25-Jan-18
Ahmednagar,Red,300,2800,2300,27-Jan-18
Ahmednagar,Red,300,1700,1200,01-Feb-18
Ahmednagar,Red,300,2000,1400,03-Feb-18
Ahmednagar,Red,300,1800,1300,08-Feb-18
Ahmednagar,Red,400,2250,1600,10-Feb-18
Ahmednagar,Red,500,1900,1500,15-Feb-18
Ahmednagar,Red,500,2000,1400,22-Feb-18
Ahmednagar,Red,400,1600,1300,24-Feb-18
Ahmednagar,Red,300,1300,1000,26-Feb-18
Ahmednagar,Red,300,1200,900,01-Mar-18
Ahmednagar,Red,300,1200,900,03-Mar-18
Ahmednagar,Red,400,1200,900,06-Mar-18
Ahmednagar,Red,300,1100,850,08-Mar-18
Ahmednagar,Red,100,1100,850,06-Dec-18
Ahmednagar,Red,100,1000,650,08-Dec-18
Ahmednagar,Red,100,1300,850,10-Dec-18
Ahmednagar,Red,100,1400,850,13-Dec-18
Ahmednagar,Red,100,1300,800,15-Dec-18
Ahmednagar,Red,100,1200,650,17-Dec-18
Ahmednagar,Red,100,1000,700,20-Dec-18
Ahmednagar,Red,100,1000,700,22-Dec-18
Ahmednagar,Red,100,1000,520,27-Dec-18
Ahmednagar,Red,100,1000,700,29-Dec-18
Ahmednagar,Red,100,1225,800,31-Dec-18
Ahmednagar,Red,100,1000,700,03-Jan-19
Ahmednagar,Red,100,1000,700,05-Jan-19
Ahmednagar,Red,100,900,650,07-Jan-19
Ahmednagar,Red,100,725,600,31-Jan-19
Ahmednagar,Red,100,750,600,03-Feb-19
Ahmednagar,Red,100,700,550,04-Feb-19
Ahmednagar,Red,1500,3500,2500,09-Nov-19
Ahmednagar,Red,1000,4200,3100,18-Nov-19
Ahmednagar,Red,500,5500,4600,21-Nov-19
Ahmednagar,Red,1500,6500,5000,23-Nov-19
Ahmednagar,Red,1500,5500,4500,25-Nov-19
Ahmednagar,Red,1500,6500,5000,28-Nov-19
Ahmednagar,Red,1000,10000,6000,02-Dec-19
Ahmednagar,Red,2000,13500,8000,05-Dec-19
Ahmednagar,Red,1000,15000,8500,07-Dec-19
Ahmednagar,Red,500,10000,6500,09-Dec-19
Ahmednagar,Red,500,10000,5500,12-Dec-19
Ahmednagar,Red,3000,12500,9500,14-Dec-19
Ahmednagar,Red,500,14000,7500,16-Dec-19
Ahmednagar,Red,500,12000,6500,23-Dec-19
Ahmednagar,Red,1000,10000,6000,26-Dec-19
Ahmednagar,Red,500,7000,4600,30-Dec-19
Ahmednagar,Red,500,5500,4600,04-Jan-20
Ahmednagar,Red,500,5500,4500,06-Jan-20
Ahmednagar,Red,500,5500,4400,09-Jan-20
Ahmednagar,Red,300,3700,2700,13-Jan-20
Ahmednagar,Red,1500,5000,4100,16-Jan-20
Ahmednagar,Red,1300,4500,3800,18-Jan-20
Ahmednagar,Red,1500,5250,4500,20-Jan-20
Ahmednagar,Red,500,4100,3200,23-Jan-20
Ahmednagar,Red,500,3200,2600,30-Jan-20
Ahmednagar,Red,300,2500,2100,03-Feb-20
Ahmednagar,Red,500,2500,2000,08-Oct-20
Ahmednagar,Red,500,3500,2700,29-Oct-20
Ahmednagar,Red,1000,5000,3800,02-Nov-20
Ahmednagar,Red,1000,3500,2800,05-Nov-20
Ahmednagar,Red,900,3500,2800,07-Nov-20
Ahmednagar,Red,700,3200,2500,16-Nov-20
Ahmednagar,Red,900,4000,3500,19-Nov-20
Ahmednagar,Red,1500,5000,4100,21-Nov-20
Ahmednagar,Red,1500,5000,4200,23-Nov-20
Ahmednagar,Red,900,4000,3200,01-Dec-20
Ahmednagar,Red,1000,4000,3000,03-Dec-20
Ahmednagar,Red,1200,4500,3600,10-Dec-20
Ahmednagar,Red,500,2800,2300,17-Dec-20
Ahmednagar,Red,500,2400,1900,19-Dec-20
Ahmednagar,Red,500,2500,2100,21-Dec-20
Ahmednagar,Red,500,2600,2100,24-Dec-20
Ahmednagar,Red,900,3000,2400,26-Dec-20
Ahmednagar,Red,700,2600,2100,29-Dec-20
Ahmednagar,Red,900,3700,2850,31-Dec-20
Ahmednagar,Red,1000,3000,2500,02-Jan-21
Ahmednagar,Red,1050,3000,2500,04-Jan-21
Ahmednagar,Red,1000,3300,2600,14-Jan-21
Ahmednagar,Red,900,3200,2600,16-Jan-21
Ahmednagar,Red,1000,3400,2900,18-Jan-21
Ahmednagar,Red,1050,3400,3000,21-Jan-21
Ahmednagar,Red,1100,2650,2300,25-Jan-21
Ahmednagar,Red,1000,2800,2400,28-Jan-21
Ahmednagar,Red,1200,3500,2700,30-Jan-21
Ahmednagar,Red,1400,4000,3500,05-Feb-21
Ahmednagar,Red,1200,3300,2700,06-Feb-21
Ahmednagar,Red,1700,4400,3700,11-Feb-21
Ahmednagar,Red,1100,4000,3100,13-Feb-21
Ahmednagar,Red,700,4000,3050,14-Feb-21
Ahmednagar,Red,1000,4400,3250,15-Feb-21
Ahmednagar,Red,1800,4200,3800,18-Feb-21
Ahmednagar,Red,2200,5000,4500,21-Feb-21
Ahmednagar,Red,2200,4500,4000,22-Feb-21
Ahmednagar,Red,900,2400,2000,27-Feb-21
Ahmednagar,Red,1200,3300,2900,01-Mar-21
Ahmednagar,Red,700,2400,2000,06-Mar-21
Ahmednagar,Red,900,2000,1600,08-Mar-21
Ahmednagar,Red,600,1500,1200,11-Mar-21
Ahmednagar,Red,700,1700,1400,13-Mar-21
Ahmednagar,Red,600,2000,1700,15-Mar-21
Ahmednagar,Red,500,1400,1100,21-Mar-21
Ahmednagar,Red,500,1300,1100,22-Mar-21
Ahmednagar,Red,600,1400,1150,25-Mar-21
Ahmednagar,Red,500,1200,1000,03-Apr-21
Ahmednagar,Red,400,1000,750,08-Apr-21
Ahmednagar,Red,500,2000,1550,08-Jun-21
Ahmednagar,Red,600,1900,1500,22-Jul-21
Ahmednagar,Red,650,2000,1600,24-Jul-21
Ahmednagar,Red,550,2100,1600,26-Jul-21
Ahmednagar,Red,700,2100,1600,29-Jul-21
Ahmednagar,Red,600,2000,1650,31-Jul-21
Ahmednagar,Red,400,1400,900,23-Sep-21
Ahmednagar,Red,500,1500,1150,25-Sep-21
Ahmednagar,Red,450,1500,1100,27-Sep-21
Ahmednagar,Red,650,1800,1450,30-Sep-21
Ahmednagar,Red,950,1900,1400,02-Oct-21
Ahmednagar,Red,650,2400,1850,04-Oct-21
Ahmednagar,Red,300,1400,950,09-Oct-21
Ahmednagar,Red,300,1500,1100,11-Oct-21
Ahmednagar,Red,300,1500,1000,16-Oct-21
Ahmednagar,Red,300,1500,1000,18-Oct-21
Ahmednagar,Red,600,2400,1700,21-Oct-21
Ahmednagar,Red,600,2200,1800,24-Oct-21
Ahmednagar,Red,300,2000,1200,25-Oct-21
Ahmednagar,Red,300,2200,1800,28-Oct-21
Ahmednagar,Red,300,2300,1800,30-Oct-21
Ahmednagar,Red,600,2800,1900,06-Nov-21
Ahmednagar,Red,600,3000,2400,09-Nov-21
Ahmednagar,Red,800,3400,2500,11-Nov-21
Ahmednagar,Red,500,3000,2200,13-Nov-21
Ahmednagar,Red,500,2400,1800,15-Nov-21
Ahmednagar,Red,500,2400,1800,18-Nov-21
Ahmednagar,Red,600,2800,2100,20-Nov-21
Ahmednagar,Red,800,3300,2450,22-Nov-21
Ahmednagar,Red,600,3000,2200,25-Nov-21
Ahmednagar,Red,500,2700,2000,27-Nov-21
Ahmednagar,Red,600,2500,2100,29-Nov-21
Ahmednagar,Red,600,2500,2000,02-Dec-21
Ahmednagar,Red,500,2300,1500,09-Dec-21
Ahmednagar,Red,750,2800,2150,13-Dec-21
Ahmednagar,Red,800,3100,2400,16-Dec-21
Ahmednagar,Red,700,2900,2200,18-Dec-21
Ahmednagar,Red,700,3000,2100,20-Dec-21
Ahmednagar,Red,600,3000,2000,23-Dec-21
Ahmednagar,Red,700,3100,2200,25-Dec-21
Ahmednagar,Red,800,3300,2400,27-Dec-21
Ahmednagar,Red,700,3100,2200,30-Dec-21
Ahmednagar,Red,500,3000,2100,01-Jan-22
Ahmednagar,Red,500,3200,2200,03-Jan-22
Ahmednagar,Red,800,3300,2500,06-Jan-22
Ahmednagar,Red,700,3200,2500,08-Jan-22
Ahmednagar,Red,500,3000,2400,10-Jan-22
Ahmednagar,Red,500,3000,2100,15-Jan-22
Ahmednagar,Red,500,3000,2100,17-Jan-22
Ahmednagar,Red,600,3050,2200,22-Jan-22
Ahmednagar,Red,600,3000,2200,24-Jan-22
Ahmednagar,Red,500,2800,2100,27-Jan-22
Ahmednagar,Red,500,2600,1900,03-Feb-22
Ahmednagar,Red,500,2800,2000,05-Feb-22
Ahmednagar,Red,600,3000,2200,07-Feb-22
Ahmednagar,Red,1300,3200,2200,10-Feb-22
Ahmednagar,Red,700,3500,2500,12-Feb-22
Ahmednagar,Red,800,3200,2300,14-Feb-22
Ahmednagar,Red,800,2700,2100,26-Feb-22
Ahmednagar,Red,800,1800,1400,10-Mar-22
Ahmednagar,Red,850,1700,1200,12-Mar-22
Ahmednagar,Red,630,1600,1000,14-Mar-22
Ahmednagar,Red,680,1300,900,17-Mar-22
Ahmednagar,Red,600,1300,900,19-Mar-22
Ahmednagar,Red,600,1300,900,21-Mar-22
Ahmednagar,Red,1200,2000,1600,01-Dec-22
Ahmednagar,Red,1300,2200,1700,08-Dec-22
Ahmednagar,Red,900,2200,1500,15-Dec-22
Ahmednagar,Red,1200,2000,1500,17-Dec-22
Ahmednagar,Red,1200,2200,1600,19-Dec-22
Ahmednagar,Red,1000,2300,1600,29-Dec-22
